-0.146707,1.05759,0.639499
-0.0801374,1.18733,0.698005
0.171605,1.23825,0.614273
-0.118938,1.05126,0.36623
-0.109684,1.23049,0.33344
-0.170506,1.09086,0.400139
0.00863967,1.12626,0.33344
-0.0427092,1.14238,0.33344
0.112478,1.16466,0.33685
-0.0778091,1.26611,0.521848
-0.0307646,1.26611,0.525067
0.0464951,1.1435,0.33344
-0.0544572,1.26611,0.495741
-0.0689943,1.25832,0.345827
-0.0438601,1.07268,0.33344
0.181364,1.1277,0.439946
-0.0208202,1.05911,0.344838
0.0874857,1.25252,0.676045
-0.199541,1.12698,0.553
-0.00224299,1.26611,0.498529
-0.0300856,1.07217,0.71859
-0.0223389,1.26611,0.421988
0.0552495,1.23338,0.33344
0.154838,1.1584,0.400247
0.0831407,1.11263,0.685479
-0.0883144,1.25052,0.688148
0.187594,1.18078,0.53391
0.138067,1.19387,0.375146
-0.0898807,1.10459,0.691495
0.0847273,1.25335,0.340671
0.1334,1.0608,0.38472
-0.177671,1.26096,0.439106
0.190797,1.08811,0.454064
-0.103874,1.10064,0.682146
0.0437555,1.26611,0.374967
-0.146771,1.26611,0.469172
0.00611857,1.08378,0.71859
0.0764082,1.26611,0.41892
0.116957,1.2341,0.662883
-0.173323,1.13989,0.404354
-0.189511,1.05976,0.553323
0.117214,1.07032,0.343938
-0.164268,1.10742,0.390803
0.0620388,1.26611,0.528371
0.165341,1.07349,0.415965
0.0971397,1.26611,0.499661
-0.120896,1.20895,0.33344
-0.00830691,1.26611,0.662005
-0.135263,1.16329,0.661172
-0.191935,1.1539,0.591241
-0.11423,1.1365,0.33344
0.107486,1.26611,0.476282
-0.208742,1.13636,0.457364
-0.194213,1.06113,0.53953
-0.19494,1.09875,0.576134
-0.187919,1.23296,0.611433
0.0788104,1.26611,0.449594
0.120221,1.26611,0.487375
-0.0647001,1.26611,0.671779
0.0625691,1.26611,0.55805
-0.0592397,1.09029,0.711969
-0.0691086,1.26611,0.554047
-0.0975139,1.26611,0.604806
-0.0822489,1.20154,0.33344
-0.142841,1.20731,0.358735
0.0699545,1.07231,0.33344
0.00493618,1.26611,0.451671
0.0365987,1.17494,0.71658
-0.0829654,1.26611,0.462822
0.129955,1.05006,0.628576
0.129365,1.26611,0.573322
-0.147765,1.22477,0.652819
-0.085959,1.24439,0.33344
0.196168,1.06695,0.490814
-0.198703,1.12471,0.442338
-0.186994,1.12745,0.424816
-0.0528867,1.26611,0.614175
-0.0751189,1.20205,0.701359
-0.140969,1.12509,0.65736
0.136676,1.16389,0.649706
0.0505806,1.24666,0.70695
-0.148662,1.13946,0.367446
0.117766,1.05517,0.377077
0.193039,1.10843,0.506541
0.0835672,1.05644,0.348851
-0.0264163,1.14826,0.33344
0.167853,1.26611,0.52772
-0.0956831,1.26611,0.470634
-0.19172,1.26376,0.465561
0.191541,1.09517,0.514073
-0.0408383,1.26611,0.622257
0.0583929,1.25994,0.347509
-0.0437087,1.26611,0.589342
-0.179323,1.19005,0.631732
0.0450081,1.26611,0.63848
0.0536015,1.10656,0.705218
0.172287,1.09173,0.610847
0.17175,1.19186,0.425557
-0.214495,1.08088,0.477815
0.0902988,1.26611,0.603718
-0.0734696,1.22516,0.33344
-0.176097,1.23123,0.408507
0.0433951,1.20979,0.712038
-0.108527,1.26611,0.388172
0.0447848,1.26611,0.407466
-0.136486,1.10565,0.349224
-0.0618072,1.26611,0.582108
-0.168318,1.26611,0.552242
-0.191787,1.08916,0.431988
-0.15772,1.09891,0.381002
-0.212114,1.16787,0.462411
0.142262,1.10137,0.381424
-0.013824,1.26611,0.396254
-0.168931,1.24778,0.400478
-0.114532,1.17997,0.33344
-0.172733,1.25652,0.42311
0.0887672,1.26611,0.410948
0.111967,1.22871,0.336084
-0.190434,1.15937,0.429963
-0.135483,1.06263,0.359135
-0.0508707,1.14517,0.717561
0.109995,1.20558,0.667535
0.181628,1.23572,0.563896
0.0702888,1.26611,0.464471
-0.0172339,1.11805,0.33344
0.0507343,1.26611,0.567394
-0.174866,1.05263,0.57555
-0.196697,1.20958,0.567299
-0.108336,1.26159,0.349224
0.0925598,1.26611,0.456392
-0.0560668,1.26611,0.4815
-0.0568288,1.17485,0.33344
0.0550261,1.26611,0.494529
-0.126279,1.19267,0.667175
-0.13195,1.1185,0.342434
-0.057077,1.11792,0.713414
0.0175387,1.16963,0.33344
-0.041184,1.26611,0.420059
0.155259,1.26233,0.431784
-0.203714,1.19589,0.532018
0.140449,1.18794,0.647185
0.142447,1.16793,0.381701
-0.148597,1.26611,0.547909
-0.111756,1.26611,0.589365
-0.208532,1.06296,0.480783
0.126279,1.26611,0.413854
0.149182,1.08344,0.391782
0.00637048,1.26611,0.583508
0.172741,1.20769,0.42704
0.175054,1.26611,0.488731
-0.173494,1.12316,0.404611
0.0534757,1.21862,0.33344
-0.129434,1.12944,0.665067
0.00466533,1.0675,0.71859
0.182291,1.1712,0.560565
0.11113,1.26611,0.544738
-0.0277964,1.26611,0.553622
-0.187298,1.1442,0.42527
0.129364,1.07567,0.362121
0.133312,1.08893,0.36803
0.153824,1.21129,0.398728
-0.141376,1.26611,0.597229
-0.112911,1.26611,0.406232
0.107912,1.06671,0.333445
-0.182229,1.15809,0.629791
-0.100128,1.1736,0.33344
-0.00895806,1.12441,0.71859
-0.189699,1.25984,0.535393
-0.108864,1.26611,0.647257
-0.181956,1.26449,0.452369
0.148917,1.17182,0.641526
-0.0682409,1.06527,0.703733
-0.183513,1.25688,0.581244
0.0735936,1.26611,0.360303
0.00972417,1.26611,0.508991
0.0926834,1.0672,0.33344
0.0174627,1.25349,0.712034
0.189828,1.14006,0.452614
0.078316,1.13069,0.688703
-0.19085,1.11886,0.596695
0.0581464,1.26611,0.386337
0.103154,1.05085,0.647704
-0.16786,1.18244,0.396179
-0.160286,1.26611,0.508318
-0.133252,1.09101,0.344384
-0.199139,1.08293,0.442992
0.177879,1.0622,0.550278
-0.0131438,1.26611,0.458271
-0.00684405,1.26611,0.529836
0.160161,1.22353,0.408213
-0.204015,1.08645,0.530507
0.143904,1.26611,0.472416
0.11345,1.08716,0.338304
0.104134,1.26611,0.618882
0.191696,1.06473,0.460949
-0.0294953,1.10899,0.33344
0.0539039,1.20237,0.705016
-0.11171,1.14441,0.676909
0.191664,1.18087,0.513453
-0.0571046,1.14693,0.33344
0.0743985,1.15196,0.33344
-0.135792,1.06144,0.652709
-0.204773,1.07247,0.526693
-0.170145,1.17569,0.637865
-0.0862827,1.26611,0.447994
0.180766,1.06634,0.565563
-0.176443,1.05111,0.556675
-0.182629,1.11128,0.629524
0.191281,1.20068,0.515377
0.192855,1.07256,0.507467
-0.140269,1.24995,0.361792
0.066464,1.26611,0.625635
0.0850932,1.08893,0.684175
-0.180816,1.26369,0.560809
-0.0717433,1.26611,0.613238
0.178413,1.10545,0.43553
0.0681597,1.06036,0.342964
-0.21487,1.2238,0.475931
-0.17795,1.18559,0.411279
-0.207109,1.23121,0.51495
-0.105915,1.20088,0.680781
0.0775301,1.10777,0.33344
0.0417838,1.26611,0.393164
-0.20728,1.12273,0.514092
0.0139144,1.25408,0.341429
-0.00350747,1.19012,0.71859
-0.192571,1.23636,0.433162
-0.18777,1.17342,0.612183
-0.00403201,1.05649,0.348778
-0.151038,1.26611,0.586685
-0.0993883,1.26611,0.566629
0.0175857,1.05099,0.697612
-0.186161,1.05976,0.570138
-0.0172819,1.20657,0.33344
0.00580242,1.05642,0.70486
-0.141968,1.26611,0.444838
-0.028532,1.20738,0.71859
-0.0682129,1.08262,0.33344
0.14907,1.12036,0.391614
0.176837,1.22476,0.587976
-0.197453,1.23822,0.563497
-0.0262366,1.21878,0.33344
0.153619,1.06307,0.408621
0.0393065,1.26475,0.695216
-0.201895,1.22151,0.541166
-0.207885,1.16125,0.51105
-0.204225,1.2328,0.529453
-0.162822,1.06113,0.634168
0.199361,1.07613,0.474768
-0.216006,1.14439,0.470216
-0.0807357,1.26611,0.434764
0.0225822,1.26611,0.488859
0.185613,1.12816,0.543867
0.0852485,1.17114,0.684071
-0.191168,1.264,0.507232
0.0974467,1.20127,0.67592
0.0340958,1.05067,0.693581
-0.158285,1.26611,0.480325
0.145988,1.19823,0.387002
0.0536907,1.26611,0.478542
0.0531956,1.06053,0.34271
0.0235643,1.0727,0.71859
-0.116694,1.09413,0.673579
-0.0835225,1.23154,0.695744
-0.0975743,1.08328,0.33344
-0.148934,1.1538,0.367853
0.166759,1.24053,0.629604
0.170997,1.0754,0.617327
-0.110487,1.05737,0.663365
-0.197357,1.13815,0.563979
-0.172183,1.10572,0.402648
0.122418,1.1312,0.659234
0.146651,1.15494,0.387993
-0.126532,1.06911,0.334326
0.172982,1.16824,0.60735
0.19445,1.15796,0.45953
-0.0941625,1.23126,0.33344
0.124024,1.26611,0.46677
-0.157576,1.20954,0.646263
0.152418,1.14252,0.396624
0.160027,1.05627,0.597217
-0.127853,1.17227,0.336303
0.157653,1.18624,0.635689
-0.0369223,1.26611,0.670772
-0.169491,1.10798,0.638302
0.122882,1.0529,0.391096
-0.178055,1.26611,0.54176
-0.196876,1.08657,0.566399
0.181482,1.14224,0.440123
0.127035,1.26393,0.392635
-0.16235,1.0958,0.643073
0.152908,1.15339,0.63886
-0.206389,1.09569,0.518571
-0.0111584,1.07029,0.71859
0.193177,1.13454,0.505846
0.13934,1.24804,0.380259
0.0361748,1.26611,0.563954
0.106553,1.13249,0.33344
0.0171504,1.06165,0.711844
0.100635,1.25657,0.662944
0.09105,1.13311,0.33344
-0.0548972,1.26611,0.528759
-0.20322,1.22601,0.449099
-0.114867,1.26611,0.54743
0.146673,1.10105,0.643026
0.177274,1.24973,0.440309
0.132339,1.09853,0.652604
0.112749,1.26611,0.420305
0.0185912,1.26611,0.374083
-0.190729,1.17451,0.430405
0.063202,1.26611,0.411963
-0.0320323,1.08964,0.33344
0.0589223,1.14838,0.701662
0.180437,1.05617,0.46809
0.00946484,1.26611,0.551223
-0.202786,1.25469,0.464532
0.179645,1.09312,0.573864
0.171327,1.06487,0.60243
0.0691541,1.05097,0.670604
-0.0413013,1.26611,0.481285
0.0193258,1.26611,0.53455
-0.191162,1.17259,0.595126
-0.139631,1.1248,0.35393
0.198972,1.1493,0.476724
-0.0358236,1.26611,0.692181
0.17438,1.15472,0.600323
-0.135654,1.21971,0.660911
0.141082,1.08505,0.379658
-0.035349,1.24949,0.336662
-0.170617,1.25369,0.629772
-0.0317949,1.19323,0.71859
-0.105174,1.26481,0.661658
0.130223,1.13876,0.363407
0.145752,1.26611,0.566067
-0.082973,1.08119,0.33344
0.190855,1.2347,0.454151
0.155097,1.26611,0.493553
-0.186725,1.21857,0.617435
0.0275436,1.26611,0.391339
-0.108698,1.09495,0.33344
0.0339569,1.05848,0.705691
0.046306,1.26611,0.669666
-0.00632383,1.26611,0.561617
-0.122284,1.26611,0.394785
0.0573638,1.17626,0.702704
-0.116707,1.23655,0.673571
-0.168925,1.26611,0.520536
-0.0956635,1.19014,0.687631
0.195186,1.20645,0.495749
-0.211962,1.07417,0.490552
-0.209066,1.24572,0.50511
-0.0168315,1.05747,0.706257
-0.0117623,1.16725,0.33344
0.0966484,1.09817,0.676453
-0.0151515,1.08992,0.33344
0.12732,1.05003,0.405792
0.00206252,1.26611,0.597475
-0.114918,1.21098,0.674766
-0.196842,1.17106,0.566572
-0.0786178,1.07478,0.699021
0.173724,1.20547,0.603621
0.173366,1.12569,0.427976
0.141413,1.26611,0.595844
0.0237193,1.09607,0.71859
0.165655,1.26095,0.444663
0.160295,1.26611,0.511828
0.0302626,1.0721,0.33344
0.196422,1.17937,0.489541
0.135127,1.26611,0.488133
0.0163678,1.26611,0.462231
-0.0220018,1.26611,0.363724
0.0665836,1.17489,0.33344
0.199738,1.18874,0.472873
-0.132489,1.21563,0.343242
0.0898713,1.18453,0.33344
0.0323711,1.26611,0.630752
-0.184516,1.19417,0.421106
0.169089,1.22406,0.626919
0.0124287,1.18519,0.71859
0.0179068,1.2071,0.33344
-0.0430629,1.11621,0.33344
-0.0934624,1.26611,0.585927
0.187468,1.21943,0.534545
-0.207668,1.1924,0.512141
0.177423,1.23907,0.585029
-0.127345,1.26611,0.46394
-0.0906009,1.11693,0.33344
0.091975,1.18588,0.679576
-0.00950167,1.06523,0.335655
-0.0446045,1.23456,0.71859
0.0376025,1.10121,0.715909
0.0425761,1.11582,0.33344
0.185393,1.20981,0.544972
0.0763882,1.22385,0.33344
-0.149255,1.10798,0.368334
0.13777,1.07134,0.374701
0.040986,1.06885,0.713648
-0.125744,1.06114,0.348737
-0.201935,1.07482,0.540966
0.104556,1.26611,0.406955
0.0241545,1.26611,0.64318
-0.140324,1.18588,0.354968
-0.163401,1.21527,0.389505
0.0167247,1.26611,0.670261
-0.15897,1.18333,0.382874
-0.113763,1.18637,0.675538
-0.112779,1.26611,0.4638
0.107288,1.26611,0.60008
0.0684306,1.26611,0.479303
-0.179835,1.21723,0.63139
-0.0508566,1.12949,0.33344
-0.0968075,1.05177,0.663882
0.0669885,1.16111,0.696273
-0.102685,1.17545,0.68294
0.144154,1.21675,0.384257
-0.206401,1.09446,0.45386
-0.0332596,1.26611,0.381918
0.197269,1.13499,0.463749
0.194431,1.22078,0.459502
-0.04861,1.26611,0.361858
-0.0763013,1.26611,0.580426
-0.181301,1.25605,0.596514
-0.000768014,1.1982,0.33344
0.178017,1.13841,0.582044
0.0795412,1.1685,0.33344
0.189111,1.16707,0.526284
0.052447,1.26611,0.460153
-0.212277,1.23464,0.488969
-0.0519773,1.19614,0.716821
-0.0520156,1.26611,0.6791
-0.117909,1.1189,0.672768
-0.012244,1.11049,0.71859
0.0317083,1.26611,0.36516
0.00472912,1.08481,0.33344
0.112148,1.08815,0.666096
-0.025733,1.26254,0.350208
0.00366158,1.09914,0.33344
-0.0721804,1.22349,0.703322
0.180747,1.22123,0.568322
-0.18773,1.18837,0.612385
0.0803902,1.26611,0.372893
-0.087707,1.26611,0.615324
-0.095924,1.26611,0.517528
-0.201223,1.25718,0.490713
-0.0984568,1.26611,0.456333
-0.140195,1.2307,0.354774
0.0441181,1.26611,0.505251
0.130572,1.26611,0.610492
0.176533,1.06055,0.449973
-0.200766,1.05925,0.493083
0.164456,1.14597,0.631143
-0.0445998,1.07929,0.71859
-0.132253,1.08972,0.663184
0.118475,1.19837,0.345824
-0.0278312,1.26611,0.655339
0.0870042,1.26611,0.585363
0.134065,1.10441,0.369158
0.166731,1.10204,0.418046
-0.146581,1.26611,0.496748
0.194879,1.11911,0.460173
-0.0962653,1.12516,0.687229
0.0320247,1.26611,0.51591
-0.103245,1.06318,0.677138
0.0538665,1.25556,0.695274
-0.187108,1.1094,0.615511
-0.171193,1.26528,0.60131
-0.20943,1.13288,0.503282
0.0266289,1.26611,0.583197
-0.16595,1.22043,0.640668
0.140111,1.26299,0.410388
0.0933831,1.05032,0.358029
-0.178561,1.21027,0.412194
-0.0777678,1.15826,0.699589
-0.152295,1.22734,0.372884
-0.0147556,1.18734,0.33344
0.14319,1.14174,0.382814
-0.0683483,1.10229,0.705883
-0.0702942,1.26611,0.393755
-0.0416368,1.26178,0.349424
-0.0915611,1.19056,0.33344
-0.0592008,1.13378,0.711995
0.0823611,1.23012,0.686
-0.177807,1.25632,0.612729
0.0329502,1.26611,0.546732
0.0816251,1.26611,0.510694
-0.0733635,1.05061,0.677764
0.170043,1.20769,0.622122
-0.0240838,1.07484,0.33344
-0.0747656,1.25225,0.695355
0.12281,1.14457,0.352313
-0.189695,1.21448,0.602503
-0.0887445,1.0581,0.679008
0.171973,1.21987,0.612425
-0.0685864,1.05722,0.691119
0.196129,1.2492,0.477003
-0.191648,1.13661,0.592686
-0.216305,1.20762,0.468715
-0.108175,1.07704,0.679272
0.150551,1.06716,0.39383
0.107516,1.24355,0.669191
-0.173925,1.26611,0.475376
0.0217636,1.13337,0.71859
0.0133658,1.26611,0.654429
-0.0763417,1.26611,0.359322
-0.150588,1.14933,0.650932
0.13562,1.20754,0.371484
-0.00394912,1.24841,0.335537
0.030352,1.09199,0.33344
-0.15503,1.12079,0.647964
-0.20033,1.20862,0.549033
-0.104906,1.05155,0.356185
-0.17186,1.05312,0.594183
-0.00670284,1.14033,0.71859
0.121328,1.16107,0.350094
0.138136,1.26611,0.430611
0.0924468,1.05326,0.658569
-0.0849141,1.16989,0.33344
-0.142544,1.26611,0.527439
-0.0364902,1.20657,0.33344
0.14445,1.13488,0.644511
0.0997007,1.21274,0.33344
0.168096,1.05238,0.528667
-0.0247967,1.26611,0.680998
0.0218261,1.26237,0.350039
0.152107,1.24141,0.396159
0.115051,1.1903,0.664156
-0.200896,1.1946,0.546187
-0.0793269,1.26611,0.672363
0.033841,1.26611,0.611064
-0.213736,1.16484,0.481629
0.179727,1.25055,0.552715
-0.165068,1.23613,0.391999
-0.200969,1.24299,0.545822
-0.0587052,1.22427,0.712326
0.185909,1.11554,0.446749
-0.0401644,1.26611,0.603404
0.0903392,1.19901,0.33344
-0.128351,1.05092,0.641503
-0.111598,1.26611,0.621181
-0.21219,1.13755,0.489403
-0.200402,1.15814,0.444882
0.112104,1.26611,0.579582
-0.211434,1.21462,0.493207
0.164704,1.19783,0.630977
0.110289,1.26611,0.461077
-0.189378,1.05378,0.464599
0.179245,1.08613,0.436775
-0.0113604,1.26611,0.51527
-0.043771,1.1013,0.33344
0.182869,1.15714,0.557656
0.0182287,1.06457,0.336647
-0.200748,1.06853,0.445399
-0.211723,1.23071,0.461826
-0.183091,1.08354,0.629215
0.193615,1.1742,0.45828
-0.0198793,1.26611,0.589457
0.116512,1.0508,0.638707
0.0753444,1.19434,0.690689
-0.056685,1.26611,0.596566
0.158895,1.1785,0.406318
-0.193882,1.21703,0.435123
-0.13093,1.23802,0.664068
0.0071446,1.1816,0.33344
-0.0943357,1.21692,0.33344
0.121677,1.22103,0.350616
-0.101829,1.26611,0.536677
-0.181534,1.17064,0.416643
-0.202651,1.11576,0.537364
-0.14694,1.0879,0.65337
-0.127129,1.14628,0.33522
0.179437,1.11114,0.574907
-0.0896721,1.26611,0.504559
0.147029,1.0866,0.642788
-0.0198515,1.0826,0.71859
0.142274,1.26611,0.579946
-0.192929,1.25183,0.559128
0.183666,1.2229,0.553653
-0.0192141,1.23794,0.71859
-0.0702563,1.26611,0.446176
0.125928,1.25735,0.645211
0.0697383,1.17817,0.694435
-0.202605,1.2481,0.529066
-0.200193,1.14119,0.549723
0.185088,1.17261,0.546506
0.178601,1.24782,0.571971
-0.0692836,1.06768,0.33344
0.0407837,1.23275,0.33344
-0.152678,1.26611,0.416746
0.1852,1.07401,0.545942
0.120471,1.26611,0.51244
0.170825,1.15217,0.618191
0.158847,1.26611,0.575161
0.0527887,1.1654,0.33344
-0.122641,1.26611,0.63371
0.114109,1.12093,0.33929
-0.167203,1.26611,0.584189
0.0595061,1.13697,0.33344
-0.158074,1.26611,0.536742
-0.108176,1.26611,0.422835
-0.212366,1.15202,0.488519
-0.0514936,1.05024,0.691809
-0.150388,1.16562,0.651066
-0.19315,1.08269,0.585132
0.168183,1.26606,0.458344
0.100284,1.25618,0.343605
-0.190326,1.07511,0.429802
-0.199566,1.08242,0.552874
0.183239,1.25427,0.458037
-0.0375881,1.13861,0.71859
-0.0627774,1.20282,0.709605
0.18722,1.10894,0.535791
0.182302,1.0998,0.560506
-0.0220181,1.1315,0.33344
-0.0603338,1.10926,0.33344
0.0426994,1.23398,0.712503
-0.13403,1.076,0.345547
-0.00781929,1.22408,0.71859
0.166054,1.1722,0.417033
-0.105753,1.11615,0.68089
0.128152,1.18075,0.655402
0.187416,1.19746,0.534803
0.161258,1.21197,0.63328
0.187224,1.0716,0.448716
-0.15408,1.26611,0.622614
0.0404861,1.2116,0.33344
-0.167538,1.12341,0.639607
0.0845367,1.26611,0.472401
-0.0105201,1.25851,0.346023
0.0290203,1.22136,0.71859
-0.157952,1.18275,0.646012
0.197197,1.195,0.485644
-0.127619,1.26611,0.445053
-0.169382,1.14109,0.638375
0.179709,1.05984,0.524068
0.153464,1.25515,0.415182
-0.149454,1.0709,0.65169
0.0719191,1.24031,0.33344
0.125113,1.06269,0.367016
-0.207153,1.1216,0.454986
0.180043,1.15092,0.57186
0.0535352,1.07389,0.705262
0.117814,1.25035,0.658089
-0.00675181,1.26611,0.577803
0.15191,1.26611,0.457879
0.171443,1.25222,0.585988
0.162076,1.26611,0.47975
-0.139664,1.26611,0.62112
0.0839457,1.26611,0.396358
0.157514,1.25172,0.630109
0.166965,1.24942,0.424264
0.179727,1.20042,0.437496
0.175126,1.10969,0.596576
-0.155466,1.25993,0.403869
0.0844884,1.05766,0.670653
-0.17149,1.05644,0.620019
0.0491077,1.08717,0.708221
-0.0451963,1.26611,0.446568
-0.117635,1.19462,0.33344
0.0713718,1.11598,0.693343
-0.12191,1.12319,0.33344
0.154294,1.10733,0.399432
0.163952,1.12085,0.631479
-0.194371,1.24137,0.578994
0.183587,1.22893,0.443273
-0.0664896,1.17249,0.707124
0.18189,1.13469,0.562578
0.0576963,1.20293,0.33344
0.199026,1.0915,0.46638
0.173036,1.14051,0.607081
0.0573117,1.18783,0.33344
0.150634,1.23801,0.640379
-0.150774,1.25115,0.379835
-0.195342,1.07205,0.574112
-0.0850145,1.09614,0.33344
-0.0515123,1.26611,0.694155
-0.0933979,1.26364,0.351359
0.0456215,1.06919,0.33344
-0.158428,1.26611,0.608351
-0.183575,1.06076,0.590361
0.0555942,1.26611,0.598836
0.0704121,1.25453,0.341893
0.134086,1.26611,0.516946
-0.131348,1.26337,0.645706
-0.0273432,1.19412,0.33344
-0.177805,1.06858,0.632747
0.176935,1.26216,0.50885
-0.131907,1.23289,0.34237
0.17609,1.05515,0.508436
-0.0491781,1.26611,0.432099
-0.192594,1.20518,0.587928
0.11612,1.10349,0.663442
0.197921,1.08967,0.482007
-0.0921663,1.26611,0.550318
0.00504379,1.06903,0.33344
0.174961,1.12954,0.597406
0.00217163,1.26611,0.435458
-0.184371,1.06333,0.604877
0.14798,1.26611,0.52396
-0.122709,1.26611,0.431035
-0.182747,1.14071,0.629445
0.0356651,1.08256,0.717203
-0.185905,1.22404,0.423185
0.118743,1.21791,0.661689
0.161793,1.24095,0.410655
-0.0680494,1.24833,0.335454
-0.0926294,1.05691,0.348142
-0.125956,1.1024,0.333464
0.195284,1.14896,0.495257
0.178985,1.1792,0.436385
-0.175331,1.2333,0.6344
-0.150982,1.26611,0.562038
-0.107998,1.06033,0.343008
0.0739828,1.19273,0.33344
-0.149046,1.09135,0.368021
-0.0424055,1.22132,0.33344
-0.136145,1.05285,0.387529
0.107797,1.14257,0.669003
-7.4589e-05,1.26611,0.620619
0.0747311,1.26611,0.53962
0.171275,1.08364,0.424847
-0.211466,1.17439,0.493042
-0.0948567,1.15479,0.68817
0.00231151,1.26611,0.477759
0.0782366,1.26611,0.435236
0.187391,1.2337,0.534931
-0.214617,1.1915,0.466156
-0.20825,1.2076,0.456628
0.0228268,1.10466,0.33344
0.191375,1.21822,0.514908
-0.053187,1.26611,0.510147
-0.0567075,1.2555,0.703962
0.143939,1.25423,0.399132
-0.185953,1.24487,0.423257
0.0464861,1.26611,0.541298
0.0632988,1.08372,0.698738
0.0579652,1.11437,0.33344
-0.0754539,1.26611,0.492687
-0.205855,1.21154,0.521255
-0.019039,1.26611,0.616057
0.120843,1.26611,0.534058
-0.151389,1.19637,0.371528
-0.0503962,1.26611,0.462957
-0.178394,1.05014,0.539865
-0.199471,1.14103,0.443488
-0.0645411,1.05634,0.349003
0.17944,1.16192,0.437066
0.185061,1.06001,0.498363
0.185169,1.09684,0.546098
-0.191205,1.22676,0.59491
-0.128244,1.24724,0.338538
0.0713351,1.26611,0.499192
0.0148611,1.11931,0.71859
-0.0520103,1.26611,0.390583
-0.0566396,1.24137,0.713706
-0.13528,1.13958,0.347418
-0.121159,1.0804,0.670596
0.166663,1.0525,0.457744
0.0424333,1.05236,0.354968
-0.182895,1.08038,0.41868
0.0990861,1.05862,0.345571
0.16947,1.13399,0.625001
-0.187736,1.10242,0.425925
-0.00554776,1.05079,0.697339
-0.0168889,1.19798,0.71859
-0.0987052,1.1312,0.33344
-0.204391,1.13313,0.528617
0.194597,1.2348,0.49871
0.0707573,1.05,0.358504
0.120689,1.15415,0.660388
-0.167649,1.07667,0.639533
0.105219,1.17675,0.670726
-0.133884,1.26611,0.544204
-0.154475,1.23689,0.648335
0.176414,1.26611,0.472433
-0.193809,1.21974,0.581819
0.150772,1.17815,0.394162
0.188254,1.08131,0.530593
0.109946,1.26293,0.64995
-0.0745582,1.10798,0.33344
0.176867,1.18792,0.587823
-0.18892,1.24659,0.605408
-0.0695396,1.26611,0.508594
-0.106284,1.22281,0.680535
0.122707,1.26611,0.597155
0.101788,1.26611,0.518369
0.1423,1.23265,0.381482
-0.0291046,1.05221,0.355195
0.0347615,1.18968,0.717807
-0.143945,1.07617,0.360387
-0.0247613,1.22166,0.71859
0.0582959,1.26611,0.660617
0.0690678,1.26611,0.573987
-0.178001,1.24559,0.411356
-0.166931,1.26611,0.569557
-0.212026,1.10965,0.462278
-0.00411374,1.11198,0.33344
0.141262,1.24868,0.644202
-0.197876,1.19646,0.56137
-0.14157,1.26611,0.512792
-0.212958,1.08612,0.463674
0.00576482,1.16584,0.71859
0.026688,1.16446,0.71859
0.134055,1.26611,0.551491
-0.0956803,1.23161,0.68762
0.00264651,1.26611,0.378095
-0.20631,1.14889,0.518967
0.0029417,1.21305,0.33344
-0.090283,1.17654,0.691226
0.133022,1.12336,0.652148
-0.00766297,1.26611,0.364823
0.0073958,1.26611,0.523864
0.12935,1.05924,0.643115
-0.103246,1.26611,0.362639
0.170626,1.11509,0.619196
-0.187111,1.14659,0.615495
0.072357,1.26611,0.657595
0.0950417,1.23991,0.677527
0.0909296,1.26611,0.441856
0.147218,1.19998,0.642661
0.0501153,1.09103,0.33344
0.0698801,1.26611,0.399263
-0.180486,1.05525,0.447157
0.0031995,1.25419,0.71138
-0.0174795,1.26611,0.501677
0.0160671,1.05,0.358503
-0.196407,1.12347,0.568757
-0.0103736,1.14437,0.33344
0.166796,1.25259,0.607497
-0.0884906,1.20339,0.692424
-0.0793105,1.13296,0.33344
0.132427,1.1226,0.366705
0.103748,1.22952,0.671709
-0.0246824,1.1185,0.71859
0.135025,1.21746,0.650809
-0.15342,1.06533,0.378436
0.00721499,1.26611,0.56758
0.18728,1.25243,0.505363
0.0216846,1.26611,0.405729
-0.137579,1.26611,0.410219
-0.0255591,1.26229,0.703903
0.0298087,1.15058,0.33344
0.161374,1.05834,0.433459
0.15987,1.19772,0.407777
-0.114795,1.05058,0.650037
0.0306708,1.26611,0.683288
0.113168,1.24618,0.337882
-0.19566,1.05399,0.480798
-0.0814573,1.26611,0.563023
0.0423117,1.1146,0.712762
0.179123,1.06878,0.436592
0.132299,1.17302,0.366513
-0.0651181,1.26611,0.686672
-0.123294,1.26611,0.530939
0.190078,1.06965,0.521425
-0.126491,1.26611,0.512696
-0.187529,1.08874,0.613392
-0.0434711,1.12524,0.71859
-0.0968302,1.26611,0.402894
0.0247356,1.26611,0.503243
0.0594235,1.15163,0.33344
-0.0453445,1.16405,0.33344
-0.0937038,1.06954,0.688941
0.195045,1.08459,0.496458
0.0636839,1.26611,0.427571
-0.168903,1.15451,0.39774
0.0329357,1.12988,0.33344
-0.191945,1.18902,0.432225
-0.156338,1.08093,0.378934
0.018291,1.26611,0.611254
0.198685,1.20116,0.465868
-0.0501554,1.26611,0.66458
0.0256278,1.2391,0.71859
-0.015083,1.15612,0.71859
-0.0422933,1.26611,0.551026
-0.0145528,1.05027,0.358108
-0.214424,1.10837,0.478171
0.0495496,1.26611,0.611977
0.14538,1.1191,0.64389
0.160365,1.26611,0.549421
0.16481,1.05549,0.567628
-0.215192,1.24307,0.474311
0.025874,1.24713,0.334205
0.125161,1.24959,0.362027
-0.0922449,1.26611,0.425809
0.169921,1.10028,0.622739
0.0597571,1.26611,0.441963
0.187469,1.25592,0.486992
-0.0370442,1.26611,0.494908
-0.0763452,1.13041,0.700539
0.031423,1.19677,0.33344
-0.103012,1.2554,0.673127
-0.211145,1.1066,0.494657
-0.00119146,1.26611,0.402926
-0.211497,1.12256,0.49289
-0.00161484,1.24265,0.71859
-0.189281,1.16092,0.604585
0.0680511,1.21634,0.695562
0.124407,1.08488,0.657904
0.115494,1.15098,0.341363
0.0799991,1.15327,0.687579
0.113422,1.2538,0.352621
0.0543057,1.26611,0.584574
0.106936,1.05611,0.358231
0.193738,1.19396,0.503029
0.17469,1.08213,0.598768
0.14663,1.26611,0.444441
0.0942932,1.22866,0.33344
0.180308,1.18224,0.570531
-0.0767735,1.05091,0.357147
-0.205428,1.18133,0.452403
0.0075168,1.26611,0.636409
0.1622,1.11431,0.411264
-0.0599407,1.26611,0.378123
0.0255386,1.18245,0.33344
-0.211973,1.19861,0.490495
0.176522,1.09423,0.589561
0.0738783,1.13564,0.33344
0.0501114,1.05986,0.697005
-0.209459,1.14794,0.503134
-0.15192,1.17548,0.372322
0.00577045,1.22938,0.71859
0.0868705,1.26333,0.664949
-0.150314,1.21263,0.369919
0.0693095,1.09195,0.33344
0.01143,1.26611,0.417701
0.132443,1.26611,0.448402
-0.151689,1.05137,0.626591
-0.00170349,1.26611,0.648024
0.162442,1.16524,0.632489
0.121389,1.12809,0.350185
0.166128,1.05835,0.581608
-0.10383,1.24201,0.682175
0.178338,1.16537,0.580434
-0.0450472,1.23725,0.33344
-0.159616,1.12078,0.38384
0.0841309,1.26611,0.551354
0.1744,1.18107,0.600224
-0.105175,1.10975,0.33344
-0.144987,1.25468,0.645849
-0.0180134,1.26611,0.541724
0.0379096,1.24818,0.713794
-0.20027,1.20637,0.444684
0.143958,1.05896,0.632914
0.00980854,1.15067,0.71859
-0.203409,1.14799,0.533552
-0.171799,1.05939,0.422578
-0.0332732,1.26611,0.468424
0.158373,1.08978,0.405538
0.14983,1.22691,0.392751
0.0341083,1.26611,0.531891
0.10205,1.26611,0.533454
-0.0314016,1.10398,0.71859
0.16453,1.15373,0.414752
-0.0710272,1.17937,0.33344
0.179902,1.21552,0.437758
0.0662481,1.26611,0.644471
-0.0170396,1.26611,0.644552
-0.146221,1.2643,0.634779
0.191021,1.15547,0.516687
-0.149102,1.26611,0.431581
-0.188903,1.13372,0.606484
-0.163561,1.26611,0.493942
0.18876,1.12981,0.528047
0.0881492,1.0952,0.33344
-0.0364133,1.26611,0.511011
0.0442713,1.26611,0.654816
-0.049654,1.05576,0.349872
0.0617052,1.19139,0.699803
0.188668,1.09583,0.528511
-0.0273213,1.14855,0.71859
0.115379,1.16863,0.663937
-0.124079,1.15583,0.668645
0.112542,1.26428,0.371633
-0.208338,1.07392,0.456759
0.0744606,1.20902,0.33344
-0.139755,1.20178,0.658171
0.19001,1.24129,0.521767
0.0518905,1.16002,0.706361
-0.0758991,1.26611,0.47723
0.163999,1.0621,0.619315
0.154049,1.05006,0.582565
-0.0708461,1.26611,0.631326
-0.175915,1.06893,0.408235
0.0970748,1.14672,0.33344
-0.00412709,1.09747,0.71859
-0.183672,1.2478,0.625749
0.0659189,1.2309,0.696987
-0.196816,1.25618,0.51784
0.104401,1.11501,0.671273
0.00282105,1.26611,0.354857
-0.0585605,1.20098,0.33344
0.0997081,1.08507,0.33344
-0.128718,1.25363,0.351625
-0.128911,1.20787,0.665416
-0.193985,1.17265,0.580934
-0.107215,1.15764,0.679913
0.0832847,1.26611,0.526812
-0.043995,1.26611,0.645318
0.177197,1.12015,0.586165
0.0181839,1.21047,0.71859
0.0731405,1.24485,0.692162
0.0088127,1.10515,0.71859
0.16106,1.13625,0.409559
0.0308455,1.26611,0.661751
-0.0979483,1.0858,0.686105
-0.121505,1.26611,0.496708
0.182995,1.20146,0.557026
0.0120258,1.15419,0.33344
-0.0583447,1.15867,0.712567
0.169066,1.25811,0.568559
0.0575412,1.26611,0.363317
0.15336,1.05008,0.444616
-0.0642023,1.16255,0.33344
-0.0193361,1.26611,0.484673
0.179722,1.07825,0.573476
0.0859731,1.26433,0.352073
-0.214374,1.17989,0.478422
0.141828,1.06867,0.646264
0.00259292,1.26611,0.678889
0.198603,1.21653,0.478576
-0.0526227,1.18049,0.71639
0.141002,1.12801,0.37954
0.0864851,1.26611,0.638845
-0.133683,1.26611,0.477981