0.063342,0.485067,0.465220
0.253585,0.348513,0.449052
0.252993,0.324517,0.447521
0.409948,0.388314,0.387856
-0.068659,0.368556,0.744184
0.547089,0.423200,0.346082
-0.072239,0.246286,0.733413
0.071812,0.190092,0.465883
0.597646,0.305462,0.365600
-0.116404,0.263034,0.858468
0.499120,0.204202,0.356811
-0.080167,0.191103,0.563293
-0.272091,0.472773,0.816753
-0.187755,0.160349,0.680264
-0.200652,0.194832,0.915649
-0.183537,0.217567,0.944349
0.066400,-0.487896,0.432012
0.120543,-0.389882,0.526954
0.322390,-0.459937,0.380877
-0.110761,-0.389048,0.815705
0.434639,-0.507012,0.296491
-0.038607,-0.224919,0.659437
0.447790,-0.511465,0.289925
-0.118779,-0.213081,0.818466
-0.205920,-0.449042,0.869633
0.570461,-0.256331,0.364980
0.587987,-0.246997,0.360702
-0.181236,-0.158565,0.662719
0.613484,-0.252139,0.357970
0.709001,-0.342428,0.343693
-0.175465,-0.210925,0.959572
-0.139235,-0.236303,0.984243
0.481132,-0.153645,0.320241
-0.211513,-0.173908,0.926814
-0.095935,0.516888,0.666984
0.068725,0.505192,0.499363
0.170952,0.494265,0.361613
0.039565,0.497618,0.337292
0.001977,0.455723,0.612757
-0.055664,0.502464,0.464411
0.308396,0.564178,0.231175
-0.206447,0.498428,0.494988
-0.313209,0.475148,0.316623
-0.338491,0.472722,0.320880
-0.306851,0.485098,0.652587
-0.114474,0.514156,0.810239
-0.434732,0.445717,0.685586
-0.389752,0.448679,0.805733
-0.287763,0.521528,0.665055
-0.412168,0.457073,0.822367
-0.400283,0.484846,0.809090
-0.421618,0.494170,0.541794
-0.534476,0.184437,0.378605
-0.480765,0.171981,0.511719
-0.489039,0.193040,0.807184
-0.589554,0.267903,0.732960
-0.379699,0.164846,0.775867
-0.370995,0.154902,0.599064
-0.504732,0.148350,0.530764
-0.363180,0.157554,0.411827
-0.369223,0.158695,0.388330
-0.344297,0.117236,0.607588
-0.230055,0.116990,0.526590
-0.186403,0.161214,0.314346
-0.114510,0.138515,0.785105
-0.066163,0.180161,0.569251
-0.009067,0.170294,0.340629
-0.172944,0.112868,0.677841
0.356142,0.195304,0.374303
0.222795,0.179690,0.452810
0.176480,0.130627,0.302763
0.354412,0.158888,0.357390
0.308886,0.109256,0.251640
0.297529,0.580214,0.224822
0.322885,0.502646,0.405457
-0.098919,-0.123064,0.542897
-0.249235,-0.104659,0.807851
-0.250027,-0.122659,0.870600
-0.316256,-0.143024,0.649403
-0.469212,-0.135915,0.662572
-0.256568,-0.149636,0.500705
-0.370754,-0.155380,0.359330
-0.395879,-0.168970,0.794549
-0.400442,-0.154820,0.496412
-0.533728,-0.186835,0.794785
-0.407794,-0.155773,0.537037
-0.526815,-0.212575,0.803907
-0.582963,-0.221577,0.682641
-0.519529,-0.232461,0.796258
-0.105849,-0.159145,0.408373
-0.607548,-0.325724,0.559628
-0.577639,-0.376955,0.741162
-0.557357,-0.417048,0.719604
-0.435790,-0.429704,0.767299
0.202669,-0.178062,0.332449
-0.425731,-0.439004,0.815922
-0.429489,-0.447212,0.624692
-0.320391,-0.512291,0.764324
-0.324166,-0.505188,0.822199
0.261152,-0.104256,0.171012
0.280308,-0.103232,0.187175
-0.266903,-0.479252,0.615419
-0.187688,-0.485062,0.327609
-0.068713,-0.496093,0.440848
0.203578,-0.183854,0.476041
0.204480,-0.134614,0.329754
0.325693,-0.188619,0.405260
0.229416,-0.128662,0.307094
0.052640,-0.465870,0.595395
-0.026917,0.222713,0.740030
-0.008901,0.374387,0.793041
-0.076214,0.176375,0.591953
0.142575,0.334398,0.554620
-0.167888,0.185960,0.941800
-0.088888,0.341776,1.000268
-0.158153,0.447822,0.937131
0.410596,0.360406,0.409846
0.412659,0.389418,0.402421
0.352922,0.191801,0.385014
0.494173,0.198752,0.364004
0.611770,0.265578,0.368054
-0.089608,0.134936,0.203599
-0.045690,0.139017,0.349151
-0.121987,0.133091,0.194506
0.077071,0.129741,0.204203
0.161023,0.140622,0.317285
-0.197876,0.113122,0.367322
-0.320199,0.115768,0.235716
-0.240081,0.108231,0.493832
-0.352689,0.114662,0.391060
-0.493247,0.121408,0.241460
-0.544873,0.144480,0.382256
-0.633330,0.201100,0.236187
-0.629475,0.353458,0.485310
-0.534766,0.465259,0.496840
-0.456076,0.499678,0.375713
-0.210136,0.539015,0.495682
-0.146381,0.523943,0.352307
-0.065560,0.512332,0.483204
-0.064674,0.526602,0.215683
0.020442,0.530462,0.317213
-0.027009,0.533738,0.190629
0.179596,0.531517,0.370402
0.325385,0.599050,0.091074
0.739019,0.474507,0.158788
0.731377,0.478212,0.181371
0.015448,0.552531,0.068438
-0.162230,0.531218,0.076261
-0.172574,0.530272,0.062847
-0.368362,0.524827,0.066637
0.645916,0.098057,0.170609
-0.497846,0.512170,0.100799
0.369673,0.068213,0.059210
-0.650546,0.426962,0.090817
0.203864,0.094311,0.058120
0.185229,0.097291,0.086332
-0.576458,0.128062,0.072190
-0.168323,0.125834,0.063275
-0.239086,0.120068,0.040739
-0.222168,0.116466,0.102712
-0.041673,-0.195514,0.692104
-0.020837,-0.301189,0.859312
0.186595,-0.198386,0.468826
-0.066650,-0.422138,0.839861
-0.069865,-0.413147,0.869860
-0.115981,-0.169190,0.817615
0.435910,-0.371129,0.397073
-0.173522,-0.149113,0.649612
0.447146,-0.322919,0.398851
-0.077134,-0.344705,0.991808
-0.093286,-0.238807,0.967919
-0.101240,-0.233530,0.969628
-0.204027,-0.474435,0.894683
0.448705,-0.485072,0.325068
-0.228320,-0.471276,0.902769
0.446284,-0.508786,0.300465
0.565113,-0.412813,0.352732
-0.255828,-0.137052,0.820940
0.608210,-0.401784,0.351498
0.610625,-0.447400,0.323703
0.464251,-0.125411,0.301159
-0.420425,-0.516927,0.063574
-0.390585,-0.520128,0.081955
0.050924,-0.556602,0.131595
-0.670420,-0.387027,0.107568
-0.682112,-0.332489,0.099556
0.321609,-0.594726,0.076304
-0.664130,-0.203571,0.113641
-0.504751,-0.099303,0.118963
-0.486076,-0.099309,0.065569
0.710751,-0.490236,0.115226
-0.336525,-0.100530,0.066819
-0.258385,-0.106757,0.139187
-0.194768,-0.115507,0.105187
0.820434,-0.278100,0.201032
0.811322,-0.232450,0.187000
0.810780,-0.231468,0.194298
0.077972,-0.127374,0.038830
0.153683,-0.101919,0.061776
0.600754,-0.082253,0.089079
0.564900,-0.072608,0.092247
0.349263,-0.066352,0.056195
-0.228058,-0.527216,0.340652
-0.133722,-0.523683,0.589743
-0.599013,-0.441838,0.253821
-0.050404,-0.519903,0.310649
-0.634593,-0.354689,0.422866
-0.027274,-0.522166,0.295586
0.057194,-0.501896,0.478641
0.057970,-0.507998,0.452400
0.134699,-0.538773,0.305617
-0.593052,-0.151926,0.241588
-0.420335,-0.112426,0.240450
-0.071969,-0.130681,0.218595
-0.090023,-0.130450,0.184733
0.043576,-0.159393,0.482490
0.294781,0.334696,0.467584
0.195026,0.480527,0.515071
-0.291020,0.529241,0.653357
-0.455712,0.486888,0.661151
-0.148132,0.539704,0.681742
-0.612126,0.266896,0.601086
-0.613884,0.266006,0.578174
-0.375122,0.109134,0.770290
-0.259651,0.102576,0.816150
-0.237164,0.103964,0.812059
0.154992,0.329802,0.554648
-0.173739,0.534013,0.342795
0.669090,0.157184,0.294663
0.712750,0.187024,0.299813
0.715677,0.202982,0.316369
0.527207,0.108235,0.278958
0.758452,0.291700,0.343256
0.776780,0.334339,0.320166
0.389388,0.073165,0.177727
0.683941,0.432774,0.328703
0.259876,0.097847,0.187258
0.506434,0.528911,0.292525
-0.021735,0.393823,0.813865
-0.041905,0.397580,0.862009
-0.663777,0.364389,0.254343
-0.656137,0.270793,0.372176
-0.649638,0.255269,0.399017
-0.633511,0.177413,0.230077
-0.557133,0.142424,0.391567
0.053430,0.352932,0.659477
-0.471318,0.273621,0.046434
-0.470824,0.409093,0.046215
-0.479526,0.410262,0.046596
-0.418414,0.391229,0.044277
-0.372193,0.141679,0.043248
-0.591905,0.312075,0.058445
-0.631929,0.421144,0.067792
-0.628404,0.178419,0.066450
-0.331491,0.507161,0.043033
-0.322098,0.488928,0.042844
-0.283425,0.399238,0.041998
-0.234734,0.165635,0.040489
-0.250106,0.398659,0.041488
-0.206983,0.300116,0.040532
-0.177966,0.500304,0.040973
-0.084663,0.215290,0.039006
-0.072771,0.205532,0.038899
-0.074790,0.409939,0.039521
-0.043817,0.275403,0.038971
-0.008497,0.152554,0.038519
-0.065358,0.411164,0.039467
-0.000238,0.400164,0.038984
0.007021,0.407676,0.038959
0.086260,0.277952,0.038702
0.140339,0.250771,0.039023
0.132670,0.411358,0.039328
0.123432,0.443914,0.039311
0.148083,0.412838,0.039513
0.198876,0.136237,0.039811
0.207832,0.518145,0.041061
0.255497,0.285136,0.042326
0.342433,0.147204,0.046329
0.353391,0.445801,0.046671
0.405704,0.211103,0.050401
0.487664,0.103339,0.057564
0.509460,0.098772,0.059863
0.504386,0.381635,0.059233
0.500924,0.352788,0.058913
0.534823,0.224862,0.063382
0.554650,0.528462,0.066624
0.580549,0.206166,0.070925
0.605037,0.497639,0.076909
0.635231,0.337614,0.084584
0.659333,0.343002,0.090690
0.729113,0.225518,0.116682
0.735999,0.214069,0.119136
0.761938,0.440387,0.134080
0.791567,0.416219,0.154887
-0.617601,-0.331468,0.563235
-0.594069,-0.235926,0.691157
-0.490059,-0.136899,0.674572
-0.548982,-0.160479,0.518377
-0.549554,-0.443559,0.537705
-0.435874,-0.490934,0.616227
-0.326879,-0.103851,0.649891
-0.410785,-0.496515,0.472407
-0.314615,-0.102990,0.652161
-0.282094,-0.525977,0.807520
-0.164606,-0.532026,0.729535
-0.014256,-0.293126,0.843364
-0.026386,-0.527483,0.303704
0.194280,-0.492603,0.498757
0.671808,-0.141531,0.271868
0.366244,-0.118354,0.288231
0.749284,-0.422520,0.264812
0.721467,-0.448735,0.261229
0.563511,-0.547914,0.205195
0.469971,-0.526547,0.294955
-0.495514,-0.116016,0.392290
-0.625777,-0.190643,0.364870
-0.652800,-0.352943,0.381040
-0.599797,-0.453821,0.257965
-0.488890,-0.502487,0.235414
-0.442177,-0.510704,0.203494
0.180452,-0.185686,0.517258
-0.515346,-0.129787,0.049439
-0.523848,-0.260784,0.050530
-0.656122,-0.332950,0.073928
-0.428078,-0.234415,0.044689
-0.355881,-0.136471,0.042827
-0.367983,-0.370134,0.043344
-0.342062,-0.348089,0.042791
-0.279251,-0.234105,0.041462
-0.276271,-0.465848,0.042116
-0.252414,-0.442617,0.041710
-0.159705,-0.145292,0.039356
-0.131341,-0.188308,0.039185
-0.182446,-0.383038,0.040586
-0.161638,-0.312047,0.040048
-0.072857,-0.500414,0.039807
0.000164,-0.298701,0.038879
-0.046807,-0.495066,0.039547
-0.040515,-0.504723,0.039495
0.129645,-0.372274,0.039214
0.081865,-0.480510,0.038983
0.179346,-0.400256,0.040211
0.198085,-0.549142,0.040953
0.281342,-0.344198,0.043334
0.292425,-0.190225,0.043678
0.298134,-0.451252,0.044109
0.354326,-0.188134,0.047166
0.318851,-0.462931,0.045161
0.407289,-0.076981,0.050562
0.442423,-0.292331,0.052938
0.461520,-0.252226,0.054882
0.455186,-0.377121,0.054277
0.447159,-0.506378,0.053460
0.519627,-0.453929,0.061653
0.559197,-0.113931,0.067121
0.577282,-0.331950,0.070218
0.547341,-0.470535,0.065676
0.621953,-0.212809,0.080890
0.614967,-0.340930,0.079838
0.721517,-0.207181,0.114161
0.698900,-0.121595,0.104741
0.666714,-0.475706,0.093597
0.752178,-0.388722,0.130296
0.329883,-0.472992,0.418721
0.180470,0.528841,0.360565
0.171083,0.524801,0.376537
0.121323,0.561246,0.170977
0.347941,0.509913,0.361025
0.295140,0.568626,0.221739
-0.104830,0.134268,0.780047
-0.111762,0.131914,0.820635
-0.106654,0.150132,0.813927
-0.191057,0.110971,0.669194
-0.382370,0.117462,0.773125
-0.395976,0.114741,0.777051
-0.488794,0.149767,0.696954
-0.496630,0.151281,0.666034
-0.598668,0.246772,0.598770
-0.588691,0.378205,0.661945
-0.570868,0.417633,0.609740
-0.536058,0.454895,0.500129
0.064344,0.217496,0.591143
-0.331349,0.514160,0.659169
-0.315159,0.517900,0.621695
0.067830,0.162224,0.447475
-0.150684,0.532404,0.685389
0.204709,0.189640,0.452135
0.207105,0.462363,0.502651
0.296549,0.301452,0.462928
0.227845,0.194213,0.446946
0.208671,0.185010,0.442333
0.200982,0.149900,0.317254
0.168574,0.142082,0.293993
0.280070,0.118442,0.229275
0.061191,0.168400,0.454027
0.091414,0.123374,0.189896
-0.022753,0.147233,0.333210
-0.035307,0.150396,0.363982
-0.098474,0.148347,0.189276
-0.222149,0.123006,0.332768
-0.252622,0.118155,0.501842
-0.473997,0.130682,0.222736
-0.633641,0.270814,0.369781
-0.644511,0.333406,0.265541
-0.618011,0.364121,0.465359
-0.594835,0.423721,0.372726
-0.567277,0.458967,0.242199
-0.535359,0.456616,0.479062
-0.478948,0.485349,0.352166
-0.422812,0.504979,0.202488
-0.370373,0.505953,0.471897
-0.208631,0.529700,0.520516
-0.177289,0.529966,0.559695
-0.249480,0.507100,0.205747
-0.232921,0.507196,0.210571
-0.185691,0.518708,0.337338
-0.059981,0.502043,0.498521
-0.006392,0.516472,0.339005
0.040500,0.524554,0.298781
-0.033423,0.522297,0.180271
0.074458,0.495677,0.491544
0.137250,0.554947,0.212333
0.115381,0.557810,0.171385
0.003377,0.459844,0.614866
0.189615,0.465310,0.515493
-0.101034,0.507278,0.684250
-0.114972,0.507134,0.826712
-0.115100,0.509037,0.837028
0.285467,0.312874,0.467974
-0.008028,0.236714,0.716649
-0.020785,0.391017,0.805493
-0.037472,0.274512,0.879225
-0.068220,0.179322,0.576528
-0.062774,0.342347,0.970604
0.080457,0.491943,0.460152
-0.151835,0.447159,0.930660
0.334405,0.497186,0.362805
0.418095,0.370656,0.405103
0.366213,0.187642,0.377501
0.478756,0.262852,0.385975
0.551876,0.422847,0.351830
0.605984,0.304704,0.373134
-0.075618,0.134928,0.208089
-0.102722,0.134833,0.209814
0.041978,0.130606,0.218054
0.070560,0.125928,0.182842
0.148694,0.140654,0.313690
-0.206455,0.115086,0.341446
0.219682,0.187290,0.447697
-0.224354,0.113082,0.336902
-0.191449,0.107202,0.506875
-0.352879,0.114672,0.390915
-0.374823,0.115446,0.401479
-0.399828,0.116689,0.392133
-0.558237,0.151985,0.389527
-0.626376,0.361996,0.486393
-0.652574,0.361367,0.248502
-0.554773,0.475927,0.225246
-0.471133,0.497885,0.332721
-0.403630,0.510278,0.208385
-0.320349,0.522002,0.429874
-0.213008,0.535838,0.554973
-0.148423,0.523040,0.344290
-0.063913,0.511822,0.490790
-0.083670,0.525000,0.211873
-0.000505,0.472969,0.615497
0.026082,0.496562,0.329795
-0.105570,0.492954,0.689110
-0.313051,0.476057,0.339618
-0.313616,0.475400,0.441034
-0.143012,0.503749,0.816314
-0.434463,0.447925,0.659220
-0.128944,0.520895,0.839876
-0.514520,0.428789,0.494908
-0.290488,0.517358,0.832430
-0.269290,0.526476,0.808906
-0.368185,0.507087,0.466233
-0.417015,0.475802,0.816869
-0.460735,0.477119,0.651709
-0.529798,0.380329,0.801046
-0.560575,0.393272,0.787492
-0.563489,0.420830,0.652148
-0.568197,0.349384,0.806024
-0.531035,0.181115,0.366026
-0.500055,0.181011,0.524275
-0.478677,0.172237,0.526885
-0.471993,0.183545,0.675105
-0.580836,0.256154,0.775378
-0.602313,0.270075,0.586093
-0.567835,0.219999,0.764449
-0.595964,0.248802,0.608142
-0.501351,0.146244,0.514553
-0.476102,0.143378,0.672489
-0.359338,0.118262,0.607704
-0.351064,0.117752,0.606174
-0.269870,0.108404,0.817994
-0.253118,0.117718,0.512738
-0.113468,0.141214,0.831727
-0.187218,0.118381,0.666230
-0.072981,0.180095,0.582254
-0.022103,0.169626,0.361469
0.037907,0.154607,0.469523
0.384085,0.596236,0.100996
0.341241,0.598877,0.098929
0.629346,0.539946,0.107624
0.628491,0.542390,0.147614
0.085809,0.566845,0.046699
0.038531,0.557651,0.061089
-0.000334,0.546306,0.050243
0.821788,0.299322,0.182013
0.817662,0.253020,0.192382
0.795355,0.230596,0.227703
0.636703,0.094877,0.135866
-0.377829,0.521072,0.043910
0.502265,0.065442,0.083413
0.510606,0.064793,0.096654
-0.523938,0.501690,0.052530
-0.631759,0.448903,0.099204
-0.640780,0.432723,0.074579
0.183229,0.098378,0.068654
-0.681025,0.269078,0.101893
0.042996,0.130773,0.079817
-0.620055,0.154735,0.078710
-0.002588,0.138768,0.056765
-0.530390,0.109688,0.111136
-0.400265,0.099750,0.112849
-0.355761,0.102542,0.091882
0.215279,0.471578,0.503392
-0.116799,0.419301,0.192074
-0.034673,0.275757,0.187370
0.100617,0.440502,0.181152
0.136243,0.582881,0.173420
-0.174622,0.261132,0.195629
-0.092866,0.401377,0.190682
0.006764,0.319639,0.184932
-0.022676,0.286611,0.186661
0.045306,0.288202,0.183066
0.073160,0.280056,0.181407
-0.198971,0.279234,0.197122
0.165936,0.393567,0.178057
0.174019,0.396503,0.177770
-0.232180,0.478700,0.199060
-0.239643,0.528637,0.189633
0.196549,0.206141,0.175478
0.196833,0.197487,0.175406
0.218037,0.244344,0.175242
0.217426,0.460135,0.176872
-0.254176,0.320416,0.200533
-0.245623,0.507212,0.199900
-0.269118,0.309504,0.201491
0.240887,0.408031,0.175776
-0.322345,0.117374,0.205031
-0.283448,0.128635,0.202500
-0.307120,0.130297,0.204036
0.301589,0.281068,0.175203
-0.345483,0.414719,0.206372
0.305841,0.259562,0.175218
-0.380395,0.361173,0.208736
-0.390124,0.270993,0.209497
-0.378434,0.225548,0.208724
-0.402611,0.523706,0.191942
0.335464,0.214999,0.175476
0.369165,0.392355,0.176473
0.493949,0.581687,0.171543
0.385353,0.423320,0.177197
0.382256,0.382808,0.177124
0.411290,0.424176,0.178459
0.400477,0.405193,0.177969
-0.463525,0.114310,0.215229
0.419889,0.073932,0.179693
0.444763,0.271385,0.180573
-0.506128,0.321719,0.218609
-0.479567,0.281189,0.216208
0.413719,0.069810,0.176727
0.463324,0.209506,0.181983
0.485149,0.564087,0.183722
0.479281,0.293373,0.183306
-0.511633,0.254363,0.219335
-0.507785,0.286310,0.218821
0.481203,0.286754,0.183463
-0.548492,0.496442,0.216635
0.535418,0.419118,0.188319
0.543115,0.405590,0.189115
0.562422,0.412757,0.191248
0.576005,0.423185,0.193093
0.613374,0.540239,0.195659
0.603090,0.240627,0.196739
0.607884,0.085861,0.190637
0.619928,0.283533,0.199413
-0.651377,0.193950,0.234401
0.675469,0.318276,0.210811
-0.674567,0.358049,0.228570
0.682633,0.290677,0.212628
0.071217,0.211252,0.602278
0.027156,0.489408,0.603365
-0.290678,0.529206,0.790718
-0.589626,0.401781,0.635205
-0.594435,0.396822,0.602245
-0.313157,0.108598,0.629441
0.280215,0.101179,0.219222
0.187300,0.537290,0.378105
0.136723,0.570355,0.221744
0.257322,0.570646,0.265663
0.261963,0.575008,0.250284
0.189986,0.445022,0.495735
-0.073662,0.486362,0.497535
0.428420,0.392300,0.382707
0.541569,0.425515,0.346007
0.561106,0.423054,0.343559
0.608768,0.309107,0.363686
-0.110918,0.275953,0.850129
-0.272095,0.477217,0.780547
0.636384,0.311212,0.359168
-0.203596,0.436307,0.916142
-0.201345,0.160637,0.673746
-0.135940,0.322761,0.984124
-0.117368,0.324575,0.998281
-0.209600,0.187069,0.904935
0.163979,0.320633,0.536797
0.146556,0.317099,0.549849
0.109055,0.196426,0.567821
0.325936,0.505247,0.395373
0.349643,0.509567,0.381410
0.360599,0.197473,0.409663
-0.154133,0.525450,0.346717
0.694742,0.188302,0.317877
0.550156,0.112505,0.280493
0.523026,0.100533,0.262415
0.496115,0.100193,0.265860
0.788859,0.331238,0.294027
0.724295,0.416742,0.315203
0.692507,0.454794,0.294516
0.623067,0.502458,0.282519
0.485121,0.572431,0.183582
0.435088,0.552841,0.259499
-0.622262,0.177956,0.231027
-0.464679,0.121950,0.260452
-0.656275,0.339858,0.260771
-0.602777,0.432025,0.354507
-0.577651,0.476217,0.216897
-0.488054,0.490772,0.358421
-0.404429,0.508112,0.202652
0.052425,0.338259,0.654076
0.049745,0.330821,0.642544
-0.479671,0.503750,0.357456
-0.622528,0.425503,0.345303
-0.652607,0.256729,0.382367
-0.642389,0.243531,0.414496
-0.470088,0.109798,0.218926
0.053337,0.346566,0.666212
-0.455606,0.256091,0.045854
-0.512471,0.253589,0.049189
-0.358530,0.120234,0.042909
-0.575994,0.146063,0.055999
-0.385750,0.369146,0.043642
-0.321845,0.245307,0.042229
-0.641514,0.312756,0.070083
-0.293276,0.271825,0.041763
-0.230333,0.248710,0.040649
-0.213896,0.377004,0.040926
-0.146857,0.504939,0.040634
-0.063053,0.354946,0.039264
0.062699,0.264983,0.038760
0.128816,0.245753,0.038922
0.131268,0.376618,0.039231
0.255464,0.270554,0.042260
0.287624,0.285556,0.043523
0.242262,0.519548,0.042212
0.217898,0.548514,0.041532
0.327998,0.114800,0.045355
0.308982,0.297605,0.044497
0.323311,0.429943,0.045434
0.369093,0.402069,0.047572
0.440495,0.233280,0.052914
0.521521,0.089578,0.061131
0.432543,0.540650,0.051967
0.488841,0.406792,0.057673
0.491991,0.520698,0.057894
0.526893,0.369467,0.062562
0.576206,0.241911,0.070237
0.710180,0.233479,0.109868
0.735199,0.160104,0.119176
0.670492,0.376815,0.095282
0.213859,-0.483399,0.461591
0.197820,-0.493982,0.448740
0.310689,-0.539076,0.298902
0.318362,-0.543792,0.283507
0.244123,-0.336698,0.484840
0.214913,-0.466556,0.494406
0.297191,-0.311659,0.458910
0.336133,-0.457374,0.413817
0.335557,-0.193166,0.395066
0.279806,-0.318889,0.466011
0.333713,-0.193663,0.398713
0.215605,-0.143463,0.315897
0.105946,-0.130595,0.204962
0.101331,-0.127023,0.209483
0.092647,-0.120385,0.192086
0.043933,-0.167116,0.476471
0.024996,-0.146044,0.345261
-0.078968,-0.140761,0.241036
-0.059522,-0.141880,0.215783
-0.093565,-0.143409,0.415866
-0.081759,-0.151543,0.539797
-0.123051,-0.137773,0.407151
-0.191356,-0.130713,0.293244
-0.246592,-0.123709,0.273142
-0.233173,-0.112822,0.465221
-0.239928,-0.112526,0.521464
-0.336344,-0.120031,0.362356
-0.375260,-0.114742,0.199213
-0.497853,-0.131787,0.366009
-0.494116,-0.131965,0.385482
-0.580522,-0.184625,0.494297
-0.622565,-0.308498,0.553785
-0.628653,-0.357718,0.378876
-0.559580,-0.435282,0.507032
-0.534692,-0.456158,0.512461
-0.491413,-0.476653,0.366699
-0.386967,-0.498588,0.474318
-0.220999,-0.523808,0.492047
-0.224288,-0.522788,0.454915
-0.135528,-0.513521,0.597666
-0.116134,-0.507834,0.584709
-0.204908,-0.514825,0.321628
-0.109183,-0.505603,0.463947
-0.139147,-0.506658,0.188232
-0.148538,-0.506690,0.184690
-0.021089,-0.513432,0.304156
0.137586,-0.526636,0.319659
0.044737,-0.453527,0.597363
0.166809,-0.532092,0.313695
0.046599,-0.464249,0.604631
0.035308,-0.476048,0.603610
0.049794,-0.455532,0.610623
0.199139,-0.485481,0.462833
-0.131732,-0.519911,0.602318
-0.145318,-0.512239,0.779017
-0.130941,-0.518211,0.798202
-0.174976,-0.525560,0.730189
-0.313263,-0.512567,0.741486
-0.268996,-0.522085,0.631866
-0.421052,-0.487304,0.636066
-0.545806,-0.437711,0.544184
-0.555977,-0.423576,0.713593
-0.581250,-0.215016,0.680556
-0.586737,-0.198128,0.519181
-0.547463,-0.167704,0.524518
-0.485803,-0.141042,0.648783
-0.482730,-0.139054,0.634819
-0.403991,-0.117304,0.770381
-0.416224,-0.127467,0.525027
-0.345097,-0.114416,0.639051
-0.400954,-0.125046,0.514608
-0.189916,-0.106246,0.659638
-0.096786,-0.132275,0.777944
-0.096997,-0.148395,0.788061
-0.092791,-0.139548,0.544922
0.027266,-0.161370,0.478300
0.044678,-0.167319,0.491211
-0.614946,-0.324713,0.599668
-0.474808,-0.128901,0.645305
-0.461892,-0.481457,0.633277
-0.317416,-0.517826,0.774610
-0.269920,-0.529088,0.627675
0.138462,-0.344961,0.558364
0.059465,-0.498660,0.422735
-0.020780,-0.416007,0.724604
-0.031871,-0.430850,0.712493
-0.048232,-0.447110,0.698416
-0.003092,-0.301982,0.804356
-0.014039,-0.280075,0.816873
-0.010696,-0.292599,0.821469
-0.085548,-0.422758,0.876650
0.042072,-0.168044,0.479723
0.429051,-0.325199,0.404244
0.442472,-0.337466,0.400220
-0.086199,-0.362700,0.985305
-0.192143,-0.467333,0.908528
0.569160,-0.396985,0.361075
0.580150,-0.225020,0.362497
0.732313,-0.299225,0.350448
-0.313546,-0.522542,0.135894
-0.291881,-0.520778,0.162323
-0.471368,-0.509909,0.058069
-0.571981,-0.477694,0.058596
-0.595558,-0.474150,0.113865
-0.675790,-0.374321,0.127529
0.301208,-0.593054,0.059872
0.304347,-0.594916,0.073552
-0.662582,-0.201893,0.130066
-0.663490,-0.202583,0.113640
0.483084,-0.576852,0.077294
-0.469410,-0.096742,0.079127
0.703038,-0.495550,0.114312
-0.352818,-0.101211,0.054412
-0.244116,-0.108416,0.136269
-0.211616,-0.112078,0.135735
0.822479,-0.316040,0.221526
-0.003524,-0.133276,0.061236
-0.023129,-0.137895,0.046643
0.165360,-0.098415,0.067921
0.550441,-0.072021,0.071391
0.324199,-0.066060,0.071203
0.238764,-0.581103,0.196875
0.051737,-0.322437,0.670354
0.045923,-0.323276,0.649401
0.041318,-0.307696,0.662721
0.079112,-0.210126,0.595680
-0.172759,-0.114032,0.661253
-0.225298,-0.106371,0.823783
-0.312833,-0.109496,0.659037
-0.387735,-0.118962,0.501164
-0.383787,-0.114540,0.765463
-0.114893,-0.148557,0.777034
-0.179124,-0.147737,0.641124
-0.395648,-0.163396,0.767387
-0.349552,-0.154531,0.361842
-0.548652,-0.167812,0.534945
-0.240153,-0.163860,0.254304
-0.116052,-0.159192,0.374401
-0.529595,-0.275868,0.795191
-0.551316,-0.272316,0.809961
-0.604769,-0.319670,0.592909
0.008013,-0.166225,0.348708
-0.559600,-0.404696,0.750496
-0.552655,-0.436594,0.499337
0.073680,-0.167864,0.335399
-0.447548,-0.446978,0.818868
-0.424221,-0.430110,0.786538
-0.494810,-0.442026,0.364927
-0.417511,-0.449967,0.643322
-0.479837,-0.446606,0.355518
-0.278394,-0.517730,0.603211
-0.391266,-0.463395,0.457703
-0.290237,-0.477726,0.621189
-0.353632,-0.470932,0.483761
-0.358220,-0.465527,0.325246
-0.232496,-0.490022,0.499897
-0.222342,-0.491116,0.468513
-0.104591,-0.492299,0.420667
-0.154965,-0.470128,0.204056
-0.181063,-0.531542,0.334645
0.347138,-0.191189,0.412803
0.335985,-0.486223,0.415118
0.214635,-0.127744,0.305497
0.094499,-0.114095,0.176960
-0.115924,-0.525485,0.610808
-0.132895,-0.520272,0.793509
0.688519,-0.290104,0.214167
0.654694,-0.316802,0.206456
0.668501,-0.309109,0.209361
0.642950,-0.328584,0.204013
0.590767,-0.496263,0.195353
0.585686,-0.176846,0.194222
0.569831,-0.500056,0.192318
0.583834,-0.183794,0.193977
0.537976,-0.187295,0.187950
0.526437,-0.393081,0.187284
0.531611,-0.167257,0.187203
0.508446,-0.365601,0.185520
0.514323,-0.364216,0.185953
0.471919,-0.056748,0.157152
0.423660,-0.061628,0.174964
0.402628,-0.073092,0.178760
0.411757,-0.270216,0.178796
0.388350,-0.281724,0.177605
0.400402,-0.443889,0.177883
0.394555,-0.468858,0.177550
0.370637,-0.298118,0.176745
0.376731,-0.272054,0.177061
0.354241,-0.463998,0.175670
0.369700,-0.260733,0.176793
0.336851,-0.424346,0.175376
0.415701,-0.588731,0.170722
0.253326,-0.112308,0.173764
0.264603,-0.104233,0.173978
0.432409,-0.587273,0.166844
0.237720,-0.334619,0.175396
0.240682,-0.524836,0.176625
0.214002,-0.569407,0.177784
0.398066,-0.590543,0.156145
0.225774,-0.248802,0.175123
0.200374,-0.389105,0.176800
0.190342,-0.228597,0.175829
0.218313,-0.391684,0.176371
0.176180,-0.414699,0.177883
0.147663,-0.425172,0.179098
0.106647,-0.277990,0.179922
0.096475,-0.555651,0.182067
0.073051,-0.245516,0.181271
0.017456,-0.444165,0.184806
0.039576,-0.327452,0.183517
0.037928,-0.387545,0.183772
0.013444,-0.248608,0.184417
-0.022039,-0.455260,0.186841
0.078845,-0.563718,0.161049
-0.095110,-0.353697,0.190822
0.057005,-0.558047,0.162099
-0.109051,-0.292373,0.191672
-0.109184,-0.327752,0.191666
-0.122402,-0.268247,0.192460
-0.146354,-0.280694,0.193879
-0.134636,-0.526049,0.187058
-0.259627,-0.235587,0.200919
-0.265356,-0.392947,0.201211
-0.290499,-0.387136,0.202815
-0.314759,-0.376807,0.204391
-0.314826,-0.381044,0.204393
-0.340948,-0.238914,0.206170
-0.394771,-0.232933,0.209852
-0.404798,-0.094113,0.196308
-0.412091,-0.373787,0.210891
-0.444581,-0.381694,0.213103
-0.470625,-0.247119,0.215506
-0.447408,-0.359858,0.213379
-0.329348,-0.522113,0.179289
-0.560824,-0.135648,0.225140
-0.525777,-0.277904,0.220846
-0.512712,-0.276637,0.219386
-0.481091,-0.507845,0.210415
-0.592286,-0.133652,0.225854
-0.579770,-0.119221,0.215460
-0.492815,-0.508681,0.190522
-0.642906,-0.429904,0.234952
-0.673979,-0.260556,0.241881
0.302359,-0.332315,0.464017
0.337411,-0.202595,0.408287
0.531832,-0.115217,0.300018
0.685654,-0.132398,0.235682
0.724388,-0.160915,0.240776
0.700947,-0.142496,0.238619
0.767530,-0.276378,0.324212
0.759451,-0.313376,0.345943
0.760804,-0.410991,0.255631
0.740287,-0.438330,0.238957
0.611546,-0.532624,0.202386
0.306553,-0.547166,0.265803
0.502674,-0.125121,0.309872
0.107649,-0.361258,0.538854
-0.070577,-0.423634,0.686174
0.116034,-0.311999,0.536161
-0.061379,-0.236454,0.708945
0.426982,-0.306105,0.390257
0.603029,-0.420354,0.336014
0.612302,-0.231072,0.350358
-0.127546,-0.350993,0.991317
-0.246808,-0.157617,0.805502
-0.359347,-0.516108,0.297675
-0.668338,-0.312058,0.236731
-0.666869,-0.296607,0.236692
-0.656748,-0.260472,0.248594
-0.622337,-0.200024,0.356439
-0.502605,-0.125225,0.345909
-0.418080,-0.115840,0.222167
-0.381101,-0.508368,0.483504
-0.359161,-0.511222,0.324047
-0.357439,-0.511016,0.304045
-0.199190,-0.522777,0.319586
-0.516066,-0.477223,0.373946
-0.609383,-0.433772,0.243939
-0.030419,-0.521471,0.311213
-0.640019,-0.339806,0.396013
0.066154,-0.506468,0.457341
0.122045,-0.534159,0.319822
-0.620291,-0.202689,0.368473
0.161225,-0.535494,0.332209
-0.339757,-0.110840,0.368669
-0.258105,-0.105694,0.462577
-0.233839,-0.103231,0.528069
-0.061346,-0.154900,0.565431
-0.093810,-0.133811,0.403064
0.012947,-0.136526,0.343274
0.101421,-0.116463,0.176723
-0.493735,-0.115521,0.388101
-0.426906,-0.105476,0.233753
-0.600574,-0.143871,0.235113
-0.630836,-0.196953,0.367594
-0.666007,-0.272908,0.264009
-0.645888,-0.353009,0.426774
-0.595337,-0.456008,0.267306
-0.502355,-0.490500,0.379110
-0.374265,-0.516668,0.324849
0.054060,-0.324305,0.676666
0.242392,-0.341116,0.481066
0.183573,-0.177895,0.467291
0.207853,-0.194604,0.505028
-0.578818,-0.429314,0.055990
-0.553493,-0.266683,0.053153
-0.552002,-0.446177,0.052713
-0.629937,-0.210412,0.066891
-0.439643,-0.359507,0.044935
-0.428167,-0.374901,0.044537
-0.263854,-0.249170,0.041244
-0.243144,-0.263200,0.040925
-0.227410,-0.261612,0.040665
-0.206598,-0.440917,0.041114
-0.178383,-0.390328,0.040564
-0.107342,-0.193256,0.039045
-0.147482,-0.508511,0.040663
-0.014395,-0.277013,0.038985
-0.037731,-0.432989,0.039393
-0.008060,-0.329472,0.038992
0.017372,-0.302913,0.038780
0.018959,-0.284715,0.038747
0.129912,-0.260371,0.038957
0.106615,-0.488662,0.039256
0.181797,-0.225348,0.039712
0.188719,-0.103639,0.039469
0.199819,-0.226942,0.040154
0.150091,-0.539160,0.039969
0.279457,-0.189160,0.043134
0.309505,-0.319185,0.044579
0.318021,-0.364782,0.045203
0.424701,-0.162596,0.051852
0.467690,-0.236737,0.055526
0.445747,-0.326002,0.053255
0.439946,-0.523530,0.052732
0.572325,-0.337805,0.069497
0.598276,-0.352532,0.075262
0.715663,-0.135814,0.111397
0.721500,-0.163558,0.113865
0.688458,-0.473001,0.100595
0.737249,-0.340970,0.122171
