-0.788505,-0.940067,0.976425
-0.876596,-0.057599,0.737257
0.593855,-0.0394033,1.8488
-0.836622,-0.794959,1.251
-0.275503,0.514305,2.09436
-0.89196,-0.0396729,1.24542
0.121296,-0.586219,2.02276
-0.138366,-0.901755,1.9403
0.373808,0.41268,1.96563
-0.00799806,-0.760891,1.57578
-0.532491,0.241478,0.00318517
0.0374009,-0.029519,0.151296
-0.427858,0.388921,0.026145
-0.390925,-0.728558,0.0766191
-0.211583,-1.48841,1.03881
0.812563,-0.525115,0.494267
-0.0335698,-0.521364,1.84536
0.696078,-0.990857,1.45108
-0.684494,-1.11447,1.00158
-0.43062,0.340483,0.353892
-0.335684,0.510313,1.7776
0.256498,0.482963,1.87998
0.338413,-0.409024,2.01097
0.705184,0.620329,1.02821
0.269319,0.481236,2.21135
-0.553893,-0.48814,0.25765
0.834302,0.0699026,0.626103
0.609966,0.0749776,0.167402
-0.72316,-0.539706,0.406767
-0.278243,0.929873,1.23056
0.723798,-0.513296,1.7361
-0.00972049,-1.11833,0.322824
0.456524,0.0145161,1.92194
-0.70088,-0.117349,1.71811
-0.270336,1.02399,1.21489
-0.320725,0.20655,2.07051
-0.832706,0.230454,0.852972
0.59353,0.177728,0.243161
0.536381,-0.118458,1.90457
-0.518276,-1.29925,0.988611
0.939836,-0.520309,1.18365
0.0472147,1.17205,0.858309
-0.25761,-1.31369,0.614042
-0.105931,0.736492,1.72295
0.40908,0.424575,1.8107
0.678675,-0.396592,1.80769
-0.157724,-0.0416539,2.03592
-0.127488,-0.780949,0.179858
-0.0454782,-1.73255,1.25469
-0.735986,-1.04037,1.06288
-0.385389,-0.0496741,1.9563
0.542714,0.783279,1.26111
0.0624623,-0.595177,1.84889
-0.870564,0.055404,0.789041
-0.235673,-1.45874,1.35921
-0.334387,0.448303,2.04182
0.369099,-0.499652,1.98863
0.369814,0.872553,1.3024
-0.03235,-0.62826,1.77605
0.758331,-0.840764,0.603809
-0.708319,-0.270133,0.382132
0.0352112,0.646181,1.81219
-0.601842,0.402102,1.62111
-0.0685006,-1.00624,1.91362
0.066925,-1.55171,1.24015
0.334261,-0.637121,0.183659
-0.0589087,1.17239,0.872086
0.04014,-0.613137,0.123175
-0.625496,-0.883409,1.63229
0.371899,0.954949,1.09297
0.360688,1.06788,0.934602
-0.555229,-0.929017,0.277842
-0.603734,0.233594,0.453472
-0.408318,0.692364,0.677952
-0.711478,-0.850446,1.52221
-0.800502,-0.720597,1.44756
-0.0535567,1.20525,0.988468
-0.436545,-0.22143,0.214157
-0.825737,0.229959,1.2647
0.76969,-0.962609,0.801329
0.606718,-1.24318,1.03189
-0.910477,-0.039001,1.13755
0.0627547,-0.395537,1.9223
0.445906,0.017509,0.0153669
0.138915,-1.12125,1.84799
-0.00922188,-0.863165,1.75008
0.949081,-0.0563285,1.00311
-0.572083,0.151724,0.257571
-0.380722,-0.297352,1.99131
-0.101518,1.13468,1.30321
-0.213577,-0.402287,0.125855
-0.306263,1.09925,1.16496
0.698392,-1.06498,0.781766
0.0627534,-0.641527,1.94512
0.264943,0.237054,2.10101
0.0745779,-0.805585,0.176411
0.539533,0.0721939,0.00433014
0.899896,0.127112,0.868133
-0.330605,0.801854,1.49301
-0.066685,0.923945,1.40701
0.134973,0.00105453,0.166446
-0.788271,-0.0296777,0.545716
-0.0024912,-0.523666,0.109171
0.601618,-0.889462,0.322454
0.598198,-0.939644,0.112001
-0.694461,-0.00112207,1.70599
0.55784,-1.01527,0.00466428
-0.51596,-0.706294,1.85029
-0.260363,-1.70386,1.28595
-0.290624,-1.01379,0.156682
-0.900712,-0.577293,0.862828
0.404961,0.752743,1.54068
-0.331526,0.274405,0.00720834
-0.250313,-0.962651,0.253436
0.0611973,-0.335968,1.79785
0.0402821,-1.6551,1.23069
0.819484,-0.944389,1.05623
0.306035,0.214804,0.166257
-0.547319,-0.456596,1.89373
-0.743102,-1.00549,0.916553
-0.271893,0.563593,2.17857
0.610767,-0.307025,0.277089
0.778169,-0.0198563,0.488926
0.722361,-0.232194,1.74695
-0.665839,-0.0419027,0.384102
0.0962962,1.19365,1.18529
-0.35344,0.337211,2.18299
-0.664163,0.37003,1.54186
0.0606088,-0.262364,1.88702
0.232408,0.602411,0.480777
-0.0252394,-0.193606,1.747
0.00916686,-0.422177,1.6191
0.0529205,0.943945,1.38171
-0.364563,-0.0422056,0.20538
-0.537847,0.662302,1.46088
-0.822134,0.152392,0.727778
-0.331898,0.90619,0.893068
-0.501428,0.320727,0.0859474
0.386437,0.766665,0.718891
0.31386,-1.01178,0.0949751
0.170113,0.630115,1.79601
-0.0176339,0.655147,0.474966
0.435388,-0.982718,1.78287
-0.534918,-0.366567,0.242914
0.288416,1.03469,0.841149
0.808937,-0.413467,0.468701
0.667591,-1.13808,0.856461
0.500871,-1.09051,0.456319
0.797978,0.342695,0.808023
0.878651,0.248279,1.0775
-0.669228,-0.964764,1.47902
0.098549,-0.0382551,2.05515
-0.664248,0.131458,1.7045
0.0628026,-0.730246,1.97786
-0.088028,0.703488,0.518985
0.366306,1.0544,1.11129
0.162001,-0.311599,2.05769
-0.752944,-0.702011,1.56405
-0.327684,1.00362,0.941769
0.782094,-0.523417,1.64263
0.656062,0.601953,1.3743
-0.796147,0.236,1.35521
-0.469192,-0.319504,1.95033
0.596202,0.292232,1.83082
-0.54905,-0.972061,0.131634
-0.306129,0.0484946,1.9707
-0.856555,-0.383064,0.633713
-0.86207,0.0677135,1.28824
-0.0876296,-0.105201,2.06007
-0.0689842,-1.48862,0.925544
-0.0153888,0.533777,0.36866
-0.518192,-0.848496,0.00221476
-0.57873,-0.783363,0.169758
-0.23104,0.916179,0.802823
0.0595209,0.608524,0.440455
0.520934,-1.22315,1.43942
-0.252664,1.14019,0.952436
0.396023,0.319112,0.00505958
-0.181469,0.0515627,0.190269
-0.787397,-0.824019,0.72268
0.329265,0.302343,2.16062
0.551981,-1.08962,1.57197
0.14648,-1.52808,1.18467
-0.373792,0.502182,2.14657
-0.430569,-1.37925,1.19197
-0.538249,-1.2628,1.26672
0.631854,0.148511,0.0109789
0.311111,0.39655,2.22303
-0.580278,0.747832,1.15038
0.626325,0.260094,0.467506
0.181217,0.0810496,0.192812
0.720169,0.286512,1.55951
0.256494,-0.11925,2.0283
0.854062,-0.858022,0.941388
0.507695,-0.690444,0.247471
0.151294,-1.22709,0.436677
0.771584,-1.01459,0.950431
-0.0273761,-0.769124,1.81792
0.309727,0.732926,0.621766
0.108717,-0.418094,2.051
0.142533,0.719771,1.73809
-0.82777,-0.800591,0.820973
0.835201,0.213847,0.746826
-0.366501,-1.14642,1.68617
0.313501,-1.32283,1.55295
0.581428,-0.17126,0.278283
-0.747957,-0.573451,1.63564
-0.895887,-0.575216,1.23246
0.781772,0.467751,1.18793
-0.309894,1.1273,1.07395
-0.444655,-1.06913,0.320788
0.535689,-1.258,1.34394
-0.145635,0.830566,1.57009
-0.915219,-0.48417,0.890091
0.0967814,-1.36879,1.63369
0.590085,0.00525642,0.251272
0.440714,-0.950756,0.00106388
-0.867427,-0.524645,0.696165
-0.769974,-0.35724,1.6336
-0.103618,-0.00937217,0.163846
-0.363255,-1.28002,0.638358
0.497232,0.41769,1.92448
-0.32521,0.838471,0.785429
0.0216067,-0.851543,1.87953
0.416781,-1.2299,0.584513
-0.495786,0.680646,0.753014
-0.363603,-1.08524,0.25763
-0.674728,-0.421923,0.33931
-0.310451,-0.82128,0.122353
-0.65855,0.308134,0.577156
-0.172546,-1.07759,0.322889
0.189742,-1.43418,1.47528
-0.275987,0.20388,0.0396087
-0.376272,0.684989,1.62892
-0.503695,0.802348,0.978288
-0.557334,0.041286,1.84749
0.54121,-0.873931,0.00141572
-0.0947896,-0.594443,2.02108
0.416366,-0.177547,0.201398
0.751922,0.466512,1.30954
-0.897044,-0.484056,0.787908
-0.0370652,-0.729773,1.98897
0.617764,0.414297,1.9703
0.378729,0.193691,2.05154
-0.445746,-1.11528,0.0537364
-0.894271,-0.301148,1.30441
-0.364789,0.126282,1.98672
-0.566822,-0.942962,0.402237
0.825951,-0.920497,1.15394
-0.619196,-1.18632,1.21084
-0.268133,0.446824,1.94749
-0.615207,0.536503,0.744209
0.394804,0.483817,0.477965
-0.720441,0.421035,0.792922
0.0347231,-1.50658,0.959521
0.646269,-0.0813994,0.330304
-0.225718,0.506276,1.84257
-0.677772,0.62475,1.08461
0.917852,-0.500129,1.30282
0.900748,-0.74959,1.13253
-0.164373,0.824159,0.652251
-0.031121,-0.284653,2.00784
-0.903371,-0.186524,1.25306
-0.632693,-0.507529,0.313151
0.0964183,-1.49139,1.39291
-0.776173,-0.246934,1.61412
0.347083,0.92647,1.18985
0.795176,-0.857529,1.39379
-0.774418,0.0209707,1.55025
-0.762986,-0.818871,1.44545
-0.822571,-0.682946,0.663866
0.598687,-0.653082,0.302066
0.223186,0.928173,1.31531
0.0530141,-0.520385,1.64457
0.818558,-0.247606,0.492779
0.646322,0.20109,1.74052
-0.190243,-0.610341,2.00459
0.951885,-0.511811,1.03303
-0.819694,0.11605,1.38717
0.434845,0.405339,0.436171
-0.178923,1.17541,1.02108
-0.496777,0.513708,2.21476
0.910256,0.139594,0.974605
0.0705345,-0.506183,2.02468
-0.347878,-1.09118,0.152341
0.459347,-0.63933,1.92383
-0.773483,-0.332718,0.459161
-0.622545,-1.13701,0.795967
0.0727116,0.908148,0.701052
0.508898,0.47496,2.22625
-0.609039,-0.967187,1.57873
0.659542,-0.530094,0.315629
0.597551,0.681185,1.37648
-0.606208,0.687357,1.27203
0.606699,0.317477,2.0087
0.173938,-0.100728,0.151086
0.0476214,-0.225297,0.117421
0.222394,-0.316801,0.126498
-0.288685,-0.110096,0.180741
-0.242816,0.851104,0.731888
0.379118,-1.37807,0.867517
-0.241717,0.29473,0.2632
-0.711554,-1.0672,1.16793
-0.58873,-0.288069,0.284546
0.675587,-1.15847,0.975447
0.706302,0.565209,1.29997
0.323754,-0.335192,0.148373
0.148865,1.19161,0.990254
0.542446,-1.1076,0.541791
-0.478683,-1.3442,1.09503
0.432175,-0.174419,1.97125
-0.244118,-0.0215571,0.185526
-0.189577,0.779407,1.63711
0.815512,-0.910498,0.868552
0.395989,-0.794065,1.90286
-0.585839,0.0259927,0.0651208
0.290267,-0.0222981,2.00075
0.229381,0.0793389,2.00521
-0.835149,-0.0413316,0.633176
-0.298663,-0.491887,0.151053
0.743299,-1.05379,1.19832
-0.792625,-0.895116,1.24899
-0.484138,0.143351,0.00121469
0.950418,-0.315002,1.16919
-0.782659,0.420325,1.09797
0.701032,0.365655,0.649734
-0.554651,-0.734515,0.252945
0.475035,-0.775816,0.00723946
-0.405056,0.883133,0.973019
-0.735751,0.0967012,1.59264
-0.0856817,-1.10206,1.86463
-0.668777,0.569434,1.31713
0.487094,-0.550744,0.220307
0.706824,0.576352,0.917778
-0.0690905,-1.02825,0.274791
0.900449,0.113463,1.20726
0.53723,0.64757,0.728995
-0.613845,-0.270154,1.84144
0.398976,0.561911,2.23085
-0.356615,-0.754232,0.171381
0.0428905,-1.4551,0.814076
0.29678,-0.215706,0.157001
0.429158,-0.727069,0.106199
-0.162683,-0.520262,2.02506
0.0568972,-0.907485,0.212918
-0.395921,-1.10477,0.393946
-0.167417,-1.51011,1.25871
-0.15831,-1.70745,1.3088
0.696257,0.619749,1.22108
0.130048,-0.284642,0.116217
-0.623289,-0.797186,1.70059
0.550365,-1.0034,0.189655
-0.328229,-0.27611,0.16534
-0.584408,0.0531277,0.279844
0.522165,-1.31307,1.20941
0.181691,0.167034,2.03347
-0.503499,0.80944,1.19034
-0.754303,-0.1168,1.63303
-0.914562,-0.491794,1.17443
-0.449823,-0.930734,0.000392578
0.897893,-0.22834,1.38807
0.302707,0.214265,0.06241
0.934304,-0.606292,0.929248
0.0535182,-0.799846,1.71554
0.644941,0.55429,1.45688
0.938629,-0.395655,1.23279
-0.324094,0.874636,1.31657
0.502972,0.83877,1.15698
0.552527,0.803812,1.08202
-0.025025,0.990561,1.34652
-0.291524,1.06433,0.870733
0.0217311,0.766417,1.70698
0.955103,-0.147394,0.968587
-0.68363,0.275491,1.58189
0.417327,0.463332,2.26048
-0.0480976,0.803318,1.64896
-0.832786,-0.633535,1.42467
0.764138,0.161604,1.558
0.233336,-1.34173,0.628279
-0.275405,0.483715,2.24026
-0.45648,-1.30875,1.35638
-0.39461,0.81896,1.37857
0.693819,0.644703,1.12183
-0.450152,-0.767152,0.00796925
0.545093,0.5764,0.66616
0.249899,-1.48822,1.12859
-0.59738,0.638654,1.38462
0.667144,-0.853558,1.63975
0.0945927,-1.13148,0.338808
-0.414374,0.244566,2.07948
-0.640138,-0.630436,0.349877
0.158413,-0.115779,2.05256
0.933572,-0.00811069,1.1525
-0.10923,-0.426327,0.10967
-0.928664,-0.279376,1.09781
-0.167391,1.1617,0.917814
-0.764268,0.399287,0.878565
-0.510641,-1.03487,0.413595
0.0587395,-0.239315,1.78664
0.503587,0.742122,0.809258
0.219988,-0.231551,2.0477
-0.908048,-0.588011,1.13855
-0.322022,-1.23546,1.6333
0.146033,-1.4822,0.937281
-0.847697,-0.0630176,1.40819
-0.890501,-0.471221,1.3039
-0.834319,-0.205693,0.586449
0.391472,-0.0429489,1.96501
0.208975,0.325365,2.13172
0.0076146,-1.32948,1.6963
-0.594291,0.730827,1.04466
-0.866366,-0.308008,1.40315
0.158451,1.00856,0.76731
-0.505912,-1.01667,0.233281
0.335573,0.94778,0.899331
-0.733685,-0.861398,0.636648
0.382895,-0.849262,0.0092117
0.952227,-0.452386,0.933679
0.93202,-0.0447009,0.851758
0.239064,-1.18081,1.76506
-0.416103,0.53046,0.545745
-0.483805,0.408806,1.88485
0.394086,0.490125,2.13057
0.939757,-0.608297,1.03594
-0.250898,0.127376,0.209325
0.706251,0.438113,1.45575
0.123577,0.826727,1.59797
-0.798434,-0.13065,0.530579
0.205354,-0.950175,0.252971
-0.330682,0.0426646,0.15704
-0.350865,-1.40697,0.951837
-0.206643,0.219869,2.07983
0.249848,-1.45415,1.36379
-0.926362,-0.207443,0.932166
0.158248,1.11023,1.31503
0.193498,-1.04197,1.87453
-0.272439,0.581278,1.77177
-0.788125,-0.233229,0.493104
0.922924,0.0858947,1.09991
-0.543334,-1.20276,0.743114
-0.116725,-0.147429,0.137997
0.634604,-1.08602,1.44378
-0.0372526,-0.828845,0.183673
-0.167532,0.494009,2.11474
-0.558108,0.525348,0.663
-0.163966,-1.26966,0.500905
0.880571,-0.482332,1.43301
0.153602,0.696975,0.521906
0.0710885,1.08594,1.34691
-0.783649,-0.455183,1.59922
0.639285,0.692952,1.24317
-0.406453,-0.507564,0.189692
-0.545688,-0.116532,1.87736
0.694673,-0.751252,0.4272
-0.0240754,0.706638,1.76634
0.588068,0.215667,0.144738
0.414134,0.0954154,1.95877
0.251424,0.390851,0.31876
-0.83742,0.277845,0.990329
0.362167,1.1128,1.03349
-0.187521,-0.704193,1.98552
0.532087,-0.262546,0.238602
-0.468073,-1.0411,1.68449
0.736417,-0.903196,1.47451
-0.857146,-0.49372,1.41442
-0.394671,-1.3241,1.43286
-0.0579792,-1.63146,1.24895
0.281982,-0.469064,0.136816
-0.647647,-0.156627,1.79196
0.790012,-0.0129722,1.59076
-0.210035,-0.199023,0.145755
-0.0919838,-1.69599,1.13529
-0.257818,-0.714212,0.188808
-0.872772,-0.710273,0.874473
-0.393133,0.343462,0.199778
0.268557,0.976333,1.24497
-0.496007,0.188551,1.98522
-0.262543,0.665344,1.72216
0.351504,-1.43328,1.24974
-0.651028,0.463045,1.48372
0.860846,-0.859603,1.07503
0.73419,-1.08426,1.01366
-0.737205,-0.666959,0.478276
0.208766,-0.774657,0.188166
0.27051,1.14544,1.152
-0.0327468,-0.398431,1.80123
0.88595,-0.595998,0.698374
-0.289564,-1.13686,1.75331
-0.145084,-1.77661,1.21502
0.745957,0.551121,1.15337
-0.854353,-0.806377,1.01915
-0.612004,-0.872026,0.0206567
0.74548,-0.66498,0.446435
-0.40413,-1.02708,1.75344
0.771189,0.430737,0.859366
-0.497027,-1.09541,0.500289
-0.777751,-0.957439,1.15185
-0.282146,-0.98945,0.0337098
0.146686,1.10905,0.772979
-0.266215,0.60397,0.510365
-0.223542,-0.828765,0.21313
-0.714261,0.353829,0.704279
0.314011,-0.832444,0.20452
-0.447793,0.73684,1.48153
-0.323481,-1.44941,1.23157
0.128421,-0.656439,0.139721
0.324972,-0.976177,1.85435
0.0609789,-0.661745,1.77618
-0.445711,-1.07519,0.174048
-0.928735,-0.169499,1.02174
-0.323493,-1.39144,0.853094
-0.737106,0.200733,1.52846
-0.150916,-1.24508,1.73887
0.801249,-0.64075,0.522028
0.58075,0.57855,1.53801
-0.331417,-0.990786,1.82736
0.0657553,-1.63994,1.13363
-0.068618,-1.18014,0.378444
-0.495125,0.432147,0.526755
0.15278,0.427179,0.304195
0.672974,-0.669438,0.364837
0.715968,-1.02152,1.36232
0.172814,-1.24431,1.74202
-0.300628,0.355715,0.310493
0.3864,0.566911,0.533658
0.250162,1.16014,0.985
-0.926214,-0.401324,0.947255
-0.0267073,-0.347177,1.69915
0.61068,-0.751466,0.0937091
-0.784972,0.108004,1.48137
0.837817,-0.0833249,1.51298
-0.444095,-1.02893,0.00154939
-0.187189,-1.15855,1.79522
-0.745419,-0.414286,0.416642
0.69504,-0.846815,0.49774
0.539084,-0.794754,1.81497
0.19127,0.480931,2.11208
-0.872283,-0.588638,1.3271
-0.616833,-0.158924,0.321462
-0.859385,0.144375,1.22597
-0.648231,-1.11128,1.30653
0.300849,0.732775,1.65325
-0.380641,-1.27615,1.52449
0.47403,-0.280581,1.96193
0.759447,0.13422,0.540937
-0.463304,0.795575,0.882327
0.256339,0.148387,0.216984
0.0436958,-0.705968,0.144064
-0.0645159,-0.830101,1.97708
0.553574,-0.424114,1.91361
0.353088,-1.44053,1.14876
-0.251472,0.775021,0.647252
-0.900062,-0.359771,0.774474
-0.781276,-0.769477,0.642873
0.662219,0.65613,0.950248
-0.348286,1.04284,1.0334
-0.0536369,0.132383,0.192952
-0.0457426,-0.0818067,0.142691
0.566591,-0.986731,0.384204
0.940115,-0.138601,0.844994
-0.386995,-0.600807,0.203318
-0.916594,-0.287774,0.850435
0.201302,-1.42137,0.791647
-0.578111,0.320697,0.500947
0.610539,-0.490015,1.86209
0.260903,-1.28347,0.5525
-0.301597,-1.4541,1.04069
-0.863265,-0.640271,0.751143
-0.807519,-0.594714,1.50752
-0.568205,0.352782,1.70333
0.623809,-0.332069,1.86264
-0.0308185,-0.461485,1.7303
0.442944,-0.0119105,0.179907
0.647836,-1.17397,1.24229
0.958864,-0.350208,1.08045
-0.572663,-0.353767,1.88198
0.960333,-0.239038,1.01654
-0.906173,0.0383043,1.02259
0.143816,-1.38421,0.663107
0.461508,-0.850979,1.84176
0.056152,-0.125462,0.13336
-0.730256,0.531231,1.12154
-0.457927,-1.2578,0.706903
0.541506,0.760581,0.895704
0.812913,0.210006,1.41281
-0.00234159,-1.39015,1.61806
-0.163726,0.192322,0.225077
-0.15746,-0.922791,0.23838
0.813894,-0.202552,1.59097
0.876398,-0.313815,1.45787
0.367055,0.347142,0.114883
0.858182,-0.178364,1.48983
-0.239786,0.829737,1.51348
-0.631873,0.00776038,1.78232
0.777873,-0.638599,1.60834
-0.532215,0.718969,1.38042
-0.186768,-0.502289,0.125954
0.34356,-1.21226,0.509969
-0.365584,0.930738,1.06288
-0.0898608,0.409013,2.0113
0.103151,-1.30699,1.70582
-0.515556,-1.30663,1.18226
-0.0600738,-1.27847,1.74005
0.837228,-0.807654,0.761496
-0.0302935,-0.241464,1.91919
-0.600052,-1.22581,1.06037
-0.674704,-1.01954,0.713126
0.903102,0.0210191,1.27827
-0.033973,-0.639777,1.95707
0.375992,-0.480308,0.164251
0.736144,-0.745285,1.61666
0.390902,0.0195354,0.10265
0.45474,-1.20438,1.56049
-0.48084,0.552331,0.612305
0.102128,-0.45161,0.107007
-0.284073,-0.531737,1.99881
0.0713053,-0.847009,1.9757
0.478044,0.507094,0.550541
-0.0440622,-1.4543,1.50111
0.477343,0.448656,1.74334
0.813679,0.331794,1.28719
0.775241,0.306872,0.712039
0.575186,0.510297,2.16519
-0.496136,-0.549158,1.9102
-0.00659933,-0.651466,1.58106
0.692454,-0.404721,0.329255
0.869144,-0.309322,0.590015
0.216184,0.838465,1.53203
-0.13228,1.13241,0.818503
-0.601049,0.228718,1.7479
0.695534,0.205365,0.505753
0.0528028,-0.268886,1.69716
-0.328853,-0.166953,2.00088
0.293294,0.54217,1.79717
0.813921,0.163765,0.65213
-0.681419,0.489512,1.39141
0.495191,0.270642,2.07994
0.480822,-1.11564,1.6314
-0.459486,-1.119,1.62051
0.951397,-0.424307,1.14052
-0.633511,0.448051,0.677726
0.599002,0.256758,0.00977552
-0.485253,0.512927,1.67379
0.636354,0.62908,0.843924
0.762103,-0.0878018,1.66289
0.931041,-0.0927513,1.22638
-0.176872,-1.15957,0.388528
0.698725,0.00742337,1.73679
0.853581,-0.194334,0.566311
0.843752,0.344648,1.07294
0.855232,0.032109,1.42256
0.61204,0.0162661,0.0579679
-0.00274315,-1.72974,1.14745
-0.154688,-1.03417,1.88144
-0.66165,-0.708277,1.70595
0.407908,-1.28606,0.667417
0.0177559,0.206815,0.209707
-0.764392,0.419116,1.23151
0.512753,-1.31211,0.942302
-0.0315958,-0.691855,1.87339
0.0805832,0.133747,0.193136
0.527434,-0.0198297,0.083063
-0.914125,-0.0476488,0.927804
0.789831,-0.130811,0.470697
0.0401598,-0.845845,1.62774
0.934557,-0.195894,1.24734
0.048693,0.0975066,2.04188
0.0227777,0.297976,0.237241
0.8466,-0.624926,0.60903
0.317564,-0.936734,0.0262879
0.806043,0.0567617,1.52728
-0.389741,-0.541363,1.96361
-0.607776,0.550794,1.47604
-0.923022,-0.498124,0.988656
-0.406358,0.617647,0.606707
-0.518418,-1.04921,0.0702813
0.0630309,-0.504472,1.90885
-0.560845,0.513217,1.58674
-0.380908,0.769933,0.745474
0.241127,0.853596,0.713094
0.728643,-0.829521,1.56363
0.934022,0.0168295,0.928119
-0.437194,-0.697722,0.229468
-0.597658,0.145059,1.79775
0.594412,-1.20513,0.811569
0.77409,0.362436,1.37197
-0.467207,-0.185812,1.93987
-0.194825,0.671838,0.527123
-0.497372,0.336115,0.434845
-0.275418,-1.07361,0.324671
0.666284,-0.591659,1.7838
0.189983,1.13157,1.06423
-0.701876,0.114647,0.49149
-0.00955391,1.13699,1.33141
0.909178,-0.646926,1.25354
0.633093,-0.899068,0.440577
-0.840306,-0.374322,1.47732
0.888759,-0.0209235,0.704741
-0.915627,-0.316022,1.20166
0.714851,0.0332288,0.432138
0.0624988,-0.346313,2.00806
0.547008,0.301699,0.0969646
0.311639,0.867499,1.38325
0.748831,0.0722481,1.63545
-0.482399,0.783653,1.3295
-0.911367,-0.182806,0.835013
-0.840818,-0.476478,0.605642
0.443488,0.890983,1.06991
0.650905,0.154991,0.416579
-0.808008,-0.0718817,1.51082
-0.103991,-0.317394,2.06148
-0.801589,0.326875,1.22737
0.270377,-0.125014,0.16605
-0.644223,-1.05122,1.41784
-0.416886,0.850162,1.25622
-0.828239,-0.842826,0.916119
-0.401962,0.402247,0.430431
0.63871,-0.820083,0.015372
-0.123531,0.573319,0.431329
0.308611,1.07049,1.21357
-0.283956,-0.916997,0.127088
-0.586675,-0.62338,1.82331
0.0298652,0.839163,1.59204
0.279437,0.490905,0.419212
0.84843,0.231734,1.28562
-0.423064,-0.702265,1.90849
-0.426375,-1.34168,0.873913
0.316454,-1.08183,0.326295
0.864384,0.0986368,1.35484
-0.547562,0.226413,0.318974
-0.0865409,0.0755337,2.03468
0.249269,-0.00845955,0.18369
-0.772818,-0.877748,1.3465
0.191726,0.882725,1.44015
-0.624728,-0.416229,1.83234
0.0610873,-1.18106,1.82542
0.30087,-0.992322,0.245755
-0.73224,0.437102,1.32082
0.497796,-1.07691,0.113273
0.883601,-0.726784,0.81201
-0.03017,-0.56553,1.69835
-0.00654093,-0.0507179,2.06583
0.246684,-0.863171,1.93315
-0.861642,-0.684116,1.29262
-0.893264,0.0429854,0.881051
-0.0333291,0.453602,0.293476
0.0509922,1.21185,1.00574
0.840649,-0.841882,1.27234
-0.890601,0.0388234,1.18885
-0.676354,-0.693777,0.409858
0.710773,-0.31051,0.351485
0.0409925,-0.936321,1.94855
0.696219,-1.08861,1.2938
-0.30226,-0.0739614,1.99636
-0.382222,-1.39233,1.30335
-0.572116,-0.724994,0.0559389
0.307156,0.893993,0.81738
-0.72557,0.4857,0.902649
-0.270697,-1.1749,0.441178
0.493525,-1.01192,1.71238
0.538775,0.388002,2.15133
-0.915763,-0.132977,1.16904
-0.434356,0.866701,1.15395
-0.726598,0.529803,1.01549
-0.054635,-0.916762,0.219765
-0.409097,0.46835,2.25754
0.883695,0.205432,1.16334
0.226114,-0.583958,2.00822
0.217552,1.12053,0.837056
-0.649347,-1.16532,1.11807
0.337053,0.042022,0.190054
0.323331,0.114598,1.99613
-0.402544,-1.20674,1.58792
0.71425,0.430644,0.737166
-0.901554,-0.654744,1.05109
0.0863682,0.839423,0.631
0.463165,0.343556,0.149025
0.548438,0.480465,1.98885
-0.0315705,-0.30115,1.79805
0.713326,-0.137012,0.380569
-0.702712,-0.979156,1.38758
-0.334875,0.520826,0.487462
-0.104246,-1.45284,0.83798
0.692594,0.101292,1.71899
0.920324,-0.692212,0.987764
0.627202,0.0699174,0.32486
-0.301755,0.443541,1.85734
-0.136323,0.874045,1.48321
0.446982,-1.34602,1.32337
-0.181965,-0.307663,0.125247
0.188887,-0.0228112,2.03234
0.535718,0.283765,0.212624
0.171651,-1.50907,1.07282
-0.295012,-0.267481,2.02074
0.777836,-0.407241,1.6694
0.765799,-1.03648,1.10313
0.914844,-0.436909,0.729218
-0.143931,-1.48933,1.36124
-0.87987,0.1271,1.13475
-0.532694,-1.22458,1.36916
-0.401198,-0.132118,0.212856
-0.491844,0.298037,0.200516
0.756827,-0.237358,0.407702
-0.585698,0.357567,1.94309
0.596346,-0.980177,1.62483
-0.816573,-0.173124,1.51728
0.574838,-0.863745,1.74213
-0.261229,-1.24264,0.516489
0.159165,0.537774,1.87267
-0.083268,0.487999,1.94933
-0.274879,0.733412,1.64995
0.385654,-0.268898,0.175599
-0.217525,0.129877,2.01666
0.322903,0.111822,0.0920272
-0.567604,-0.879754,1.70793
0.592756,-1.17913,1.37933
0.726627,-1.06448,0.878372
0.563666,0.42092,1.69007
0.781106,-0.747687,0.560621
0.534776,-0.699256,0.0424623
0.553542,0.0651533,1.87506
0.888866,-0.790473,1.00301
-0.285764,0.285328,0.0905562
-0.400098,0.398975,1.94035
-0.174837,0.52195,1.96715
-0.0588709,-1.52452,1.31047
-0.787406,0.317166,0.823835
0.953233,-0.354206,0.91089
-0.635401,0.667661,0.987401
-0.570795,0.173226,0.162156
0.892131,-0.757362,0.912803
0.805225,-0.687945,1.52739
0.0326522,-1.20972,0.396839
0.49215,0.326488,0.00367098
-0.693186,-0.23224,1.74686
0.0140442,0.227119,2.00684
0.852548,0.312433,0.97822
0.152445,1.00827,1.31724
-0.290625,-1.31931,1.55815
-0.486903,0.834341,1.08122
0.158726,-0.802939,1.97287
-0.0742188,0.787629,0.584312
0.949009,-0.0918635,1.10611
-0.677911,-1.09595,0.882875
-0.584194,0.197991,0.0709595
0.441019,0.136292,0.0024795
0.891353,-0.597596,1.35566
0.0626173,-0.358247,0.104843
-0.149397,0.376905,2.1096
0.248476,0.663605,1.74395
0.592659,-1.15648,0.696004
-0.0766002,0.18351,2.02702
-0.724225,-0.317358,1.7093
0.523888,0.75957,1.36464
0.315802,-1.44383,1.00364
-0.654416,0.2323,1.66336
-0.183796,-0.379878,2.04264
-0.432207,0.27999,0.00145051
0.0275141,1.17978,1.25009
-0.125059,0.953981,1.32747
-0.515612,0.72377,0.837469
-0.557648,-0.786651,1.77831
0.322353,-0.582035,1.98693
0.587383,0.636914,1.46113
-0.236626,-1.23419,1.7002
0.590314,-0.748878,0.189517
-0.362781,-0.87466,0.00622628
-0.757187,-0.908176,0.758789
0.240571,-0.361447,2.03929
0.904378,-0.198765,0.692145
-0.127671,-1.34667,1.63762
0.221251,-0.593024,0.142123
-0.0335364,-0.360511,0.104739
0.595416,-1.0268,0.515339
-0.87744,-0.394092,1.36448
-0.737266,-0.467346,1.68181
0.658664,-0.96843,1.54586
0.296856,0.646603,0.541288
0.714547,0.491861,0.809638
0.615009,0.439083,2.09289
-0.311961,-0.782607,1.92936
0.00179862,0.962198,0.737346
0.393014,0.863073,0.863402
-0.0975964,-0.216128,2.06697
-0.144191,0.400255,0.297064
0.86368,-0.582989,1.44557
0.763238,0.298016,1.46073
-0.137093,0.617988,1.80482
-0.144908,-0.671556,0.150864
0.411432,-1.33499,0.786953
-0.0519957,0.563302,1.86378
-0.277487,0.209256,0.156942
-0.189114,1.01536,1.28183
-0.572378,0.454359,1.95844
0.260146,-1.47852,1.24535
-0.601365,0.111598,0.353915
0.205549,-0.196706,0.139348
0.599207,-1.23003,0.911569
0.460187,0.232941,0.000449924
0.595558,-0.612804,1.84429
0.354978,-0.793428,0.10046
0.335835,0.400374,0.366231
0.154955,0.387471,2.07546
0.754464,0.540952,1.05814
0.221378,0.787536,0.626812
0.636783,0.720313,1.1123
0.391436,-0.717098,0.212455
0.871627,-0.0623388,1.42172
-0.102339,-1.54883,1.19992
-0.0525857,-1.42589,0.74276
-0.578006,0.0684901,0.182657
0.235462,0.964786,0.805876
-0.805024,0.0619547,0.621344
-0.10537,-0.579761,0.12469
-0.901314,-0.639641,0.953989
0.484739,0.663554,1.57232
0.885537,-0.743491,1.24455
-0.537602,-0.024483,0.252736
-0.800175,-0.493679,0.517885
-0.666051,-0.339907,1.78924
0.210851,-1.11239,0.349401
0.708827,-0.643204,1.7132
-0.272055,-1.38102,0.766144
0.552564,-1.14954,1.49862
-0.0655634,1.07851,0.741372
0.650807,0.477097,1.5244
-0.395864,-1.40146,1.04689
0.324667,-0.712135,1.95627
0.0611011,0.481777,0.312346
0.314643,-0.236595,2.02228
-0.374172,0.00923397,0.0658372
-0.506584,-0.578211,0.250913
0.939513,-0.40715,0.83026
-0.00738988,-1.29578,0.49114
-0.818384,-0.273057,1.52745
0.171443,0.333865,0.269577
0.679375,-0.217879,0.338022
-0.0344156,-0.542455,1.96097
-0.237005,-0.858418,1.92885
-0.274525,0.865287,1.39679
-0.204481,1.06959,0.796546
-0.28063,-1.67396,1.4527
-0.162146,0.901029,0.739246
-0.317191,-0.38791,0.151346
-0.295783,-0.68745,1.96264
-0.866821,-0.753971,1.16367
0.845369,-0.504457,1.51864
0.909864,0.0422703,0.81744
0.524722,0.524405,1.65473
0.014483,0.062536,0.171182
0.381357,0.937468,0.988623
0.291225,-1.40283,0.821278
0.915028,-0.333205,1.33851
-0.811139,-0.589873,0.575694
0.577362,0.388802,0.533178
0.848108,-0.699274,0.668544
0.339652,-0.878684,1.89378
-0.163108,-1.37237,0.664456
0.674072,-0.146254,1.79361
0.595324,-1.24458,1.20089
-0.574714,-1.11968,1.45731
-0.208784,1.15989,1.14758
0.678002,-0.968471,0.590288
0.609124,-0.772815,0.283739
0.223394,-1.2842,1.67229
0.20214,-0.412002,0.118426
-0.567997,0.266943,1.97586
0.535512,-1.01616,0.29971
0.858166,-0.40102,1.50475
0.0617798,-0.490806,1.77836
0.201057,0.761873,1.6711
-0.402921,-0.929633,1.81822
0.64637,0.281995,1.68848
-0.480855,-0.0517166,1.90705
0.455908,-1.15328,0.510717
-0.490537,-0.945546,1.73826
0.907924,-0.089524,1.32046
0.516488,-1.28642,0.851247
-0.879296,-0.238433,0.70013
0.337861,0.316494,0.21701
0.524587,-1.31756,1.03686
0.179891,-1.37663,1.58164
-0.216592,-1.60236,1.33915
0.510426,0.153296,1.96267
-0.0880578,-0.430033,2.04837
-0.589679,0.411257,2.06326
0.38596,-1.09962,0.127756
-0.13766,-1.42745,1.51146
0.192284,0.235229,0.238553
-0.24533,-1.01662,1.8568
-0.064203,0.318338,2.00147
0.43584,0.443485,2.0502
-0.524365,-0.222235,0.256222
-0.545436,-0.944945,0.00313487
-0.779441,-0.926421,0.876364
0.688836,0.386779,1.53646
0.162102,0.916103,0.740363
-0.868168,0.194064,1.02953
0.746612,-0.945009,0.705964
0.177952,-0.494968,2.03124
-0.0458116,-0.251792,0.115337
-0.167795,-0.797449,1.96648
0.756064,-0.310889,1.70513
0.305818,0.545058,2.13611
0.925894,-0.648433,1.14908
-0.0508026,-0.720211,0.150397
0.74984,0.234721,0.599889
-0.176127,0.751392,0.583788
-0.515314,0.3757,2.13709
0.585296,0.492067,0.630248
0.519458,-1.20567,0.658455
0.789693,-0.953883,1.2554
-0.478313,0.409544,1.74809
0.423579,-1.10987,0.40529
0.509785,-0.419823,0.21302
-0.326313,0.366867,0.0308172
-0.684503,-0.811102,0.497743
-0.326629,0.697315,0.618677
-0.0296314,1.20829,1.14505
0.874463,0.0967662,0.741265
-0.276614,0.267641,2.13118
0.332232,0.813153,1.49507
0.432225,-0.3635,1.98196
-0.580653,0.507632,2.09836