0.064398,1.365595,0.101618
-0.093962,1.222993,0.092510
-0.073830,1.261177,0.092510
-0.166747,1.273750,0.092510
-0.127858,1.315612,0.092510
0.044293,1.322842,0.092510
-0.035344,1.356599,0.092510
-0.094600,1.290633,0.092510
0.042673,1.327928,0.092510
-0.135002,1.310515,0.092510
-0.134665,1.311332,0.092510
-0.052213,1.331727,0.092510
0.003950,1.330290,0.092510
0.030610,1.363306,0.092510
-0.097540,1.289770,0.092510
0.027921,1.366780,0.092510
-0.190398,1.346576,0.092510
-0.036681,1.359151,0.092510
-0.174496,1.342821,0.092510
-0.115366,1.372394,0.092510
-0.074760,1.375337,0.092510
-0.126694,1.372466,0.092510
-0.174021,1.307812,0.092510
-0.167975,1.376912,0.092510
-0.055447,1.413355,0.092510
-0.091011,1.422177,0.092510
-0.058418,1.420065,0.092510
-0.102854,1.417066,0.092510
-0.108098,1.403985,0.092510
-0.052048,1.414606,0.092510
0.007709,1.423777,0.092510
-0.086698,1.465785,0.092510
-0.128882,1.438257,0.092510
-0.125415,1.444900,0.092510
0.072527,1.311913,0.114827
-0.023655,1.487011,0.104245
-0.049957,1.470683,0.093260
-0.196379,1.414554,0.096825
-0.213020,1.323867,0.096187
0.063512,1.275518,0.121437
0.028802,1.438338,0.139268
-0.004180,1.471243,0.126956
-0.140981,1.479567,0.102831
-0.143890,1.476268,0.102578
-0.230040,1.302897,0.129628
-0.023091,1.189628,0.130338
-0.147545,1.227948,0.161510
-0.087334,1.209782,0.161510
-0.101834,1.248561,0.161510
-0.029379,1.278459,0.161510
-0.101234,1.244007,0.161510
-0.041402,1.216891,0.161510
-0.030648,1.278476,0.161510
-0.061526,1.249764,0.161510
0.007358,1.298490,0.161510
-0.061759,1.295097,0.161510
-0.043412,1.325049,0.161510
-0.142388,1.312374,0.161510
-0.016467,1.364410,0.161510
0.031721,1.328822,0.161510
-0.035199,1.330001,0.161510
-0.061442,1.389864,0.161510
-0.176813,1.310162,0.161510
-0.136099,1.357528,0.161510
-0.045791,1.380188,0.161510
-0.178779,1.321538,0.161510
-0.099805,1.338978,0.161510
-0.071761,1.354866,0.161510
-0.185030,1.353468,0.161510
-0.101117,1.371466,0.161510
-0.069624,1.351568,0.161510
-0.118936,1.426909,0.161510
-0.015043,1.460570,0.161510
-0.037606,1.422648,0.161510
-0.070733,1.458563,0.161510
-0.214458,1.412284,0.135649
-0.139308,1.196030,0.122776
-0.208501,1.265064,0.122384
-0.182073,1.238697,0.135595
-0.220265,1.325144,0.155017
-0.219395,1.368451,0.149738
-0.218512,1.372465,0.149588
-0.251492,1.338946,0.121483
-0.251492,1.379489,0.144536
-0.199007,1.451309,0.154666
-0.168063,1.197330,0.114052
-0.224939,1.254445,0.150732
-0.247676,1.277277,0.136455
-0.249109,1.278717,0.134485
-0.203848,1.450539,0.119654
-0.229641,1.424801,0.130777
-0.247291,1.407188,0.108762
-0.170010,1.436366,0.149409
-0.147950,1.498074,0.154168
-0.109756,1.172950,0.135990
-0.077752,1.172950,0.140393
-0.067910,1.172950,0.107263
-0.139889,1.506731,0.154909
0.019753,1.214215,0.139960
0.047335,1.241766,0.154055
0.025401,1.219857,0.139719
-0.120777,1.505208,0.103484
-0.013790,1.498200,0.105962
0.071397,1.413287,0.123273
-0.012182,1.496596,0.152855
0.030104,1.454447,0.132138
-0.045756,1.499767,0.153745
0.083880,1.384322,0.138022
0.045220,1.431556,0.103854
-0.022766,1.498936,0.103893
0.050756,1.258995,0.153509
-0.010874,1.231537,0.107871
-0.021081,1.221472,0.107890
0.039313,1.406641,0.150505
0.039492,1.405614,0.150403
0.051002,1.361771,0.149606
0.053474,1.360157,0.150023
0.045988,1.335049,0.108398
-0.010342,1.394307,0.179984
-0.038555,1.430774,0.164563
0.026103,1.464211,0.167484
0.022342,1.378909,0.175927
0.016011,1.378934,0.155617
0.052842,1.387881,0.179376
0.058087,1.382033,0.179192
0.051725,1.437835,0.167465
0.055344,1.437246,0.165475
0.101960,1.378399,0.167620
0.081250,1.347696,0.177838
0.106220,1.366883,0.166839
0.016646,1.230778,0.170568
-0.018745,1.252095,0.178005
-0.020926,1.245020,0.178359
-0.029380,1.222412,0.153467
-0.031834,1.185476,0.166280
0.000344,1.191334,0.172510
-0.140644,1.197317,0.176203
-0.133937,1.192480,0.171469
-0.182997,1.201746,0.168825
-0.178639,1.202684,0.162582
-0.161389,1.264844,0.176856
-0.177139,1.246045,0.175011
-0.190808,1.246897,0.173345
-0.190037,1.275543,0.156949
-0.233648,1.282102,0.170482
-0.270135,1.333793,0.165126
-0.269820,1.335291,0.164607
-0.237835,1.361373,0.176845
-0.227245,1.416205,0.172259
-0.171788,1.379425,0.176738
-0.143872,1.395118,0.155417
-0.149205,1.398720,0.154552
-0.030163,1.189967,0.090356
0.019181,1.199026,0.091524
-0.032755,1.186572,0.094046
-0.004267,1.267915,0.098139
0.021036,1.236538,0.087501
0.026609,1.237803,0.089078
0.033352,1.287059,0.098075
0.093650,1.326149,0.084711
0.103805,1.363030,0.090952
0.087884,1.398151,0.095613
0.088114,1.395481,0.096357
0.057484,1.394071,0.081704
-0.007578,1.386504,0.082151
-0.020181,1.418951,0.104506
0.030466,1.459274,0.090905
0.028405,1.460513,0.089439
-0.107863,1.424317,0.129519
-0.106409,1.456199,0.121562
-0.086196,1.508758,0.146535
-0.070333,1.442107,0.122207
-0.065482,1.438146,0.126276
-0.088502,1.532735,0.116564
-0.159764,1.510164,0.127859
-0.041833,1.525107,0.124877
-0.083857,1.562582,0.132208
-0.127468,1.529855,0.133921
-0.193061,1.500382,0.126896
0.024919,1.506239,0.130394
-0.188019,1.485026,0.132011
-0.098165,1.204944,0.123278
-0.092833,1.226971,0.092692
-0.084374,1.110640,0.137278
-0.041534,1.161041,0.134927
-0.111868,1.132161,0.159627
-0.108349,1.123484,0.165702
-0.042590,1.152863,0.125186
-0.122252,1.157009,0.098467
-0.120175,1.158936,0.099522
0.007365,1.131087,0.127481
-0.047018,1.149783,0.078255
-0.020472,1.138252,0.165415
-0.024060,1.144501,0.156578
-0.058238,1.163849,0.169154
-0.014949,1.136144,0.160929
-0.146371,1.150232,0.123905
-0.147943,1.132384,0.083554
-0.145221,1.142301,0.159116
-0.080261,1.123043,0.056678
-0.081033,1.118033,0.061211
-0.043196,1.114782,0.067807
-0.048597,1.101333,0.179089
-0.071813,1.138394,0.202889
-0.081804,1.134056,0.208120
-0.122508,1.131296,0.211448
-0.173617,1.129199,0.126828
-0.139454,1.106289,0.152918
-0.140411,1.106405,0.151471
-0.130716,1.130407,0.050274
-0.025916,1.103612,0.117945
-0.024077,1.102470,0.123192
-0.044524,1.124681,0.206659
-0.136237,1.103823,0.154031
-0.145727,1.069732,0.130594
-0.124377,1.076312,0.095523
-0.051988,1.048004,0.074023
-0.028723,1.053951,0.114354
-0.033948,1.055674,0.105806
-0.026755,1.054712,0.117983
-0.144139,1.067058,0.134889
-0.135549,1.034561,0.102713
-0.136858,1.040552,0.106727
-0.084723,1.020329,0.069982
-0.112328,1.048249,0.074058
-0.051695,1.087885,0.084440
-0.053253,1.082408,0.080143
-0.030697,1.042558,0.154309
-0.045705,1.019405,0.187111
-0.035233,1.044624,0.161566
-0.118382,1.077129,0.176504
-0.118384,1.078659,0.176053
-0.114963,1.074800,0.183112
-0.132946,0.992510,0.111400
-0.125594,1.012133,0.080829
-0.081633,1.011834,0.069873
-0.116893,1.011564,0.069996
-0.044600,0.986520,0.099747
-0.032816,0.975416,0.131626
-0.027047,1.005706,0.149156
-0.040686,0.990407,0.158903
-0.015385,1.013283,0.135822
-0.083544,1.026427,0.191077
-0.122518,1.008083,0.182772
-0.126425,0.987198,0.156955
-0.123302,0.544623,0.118447
-0.114051,0.582593,0.102762
-0.113665,0.580528,0.102077
-0.126097,0.500265,0.122903
-0.108902,0.773451,0.095491
-0.124253,0.452512,0.119301
-0.113510,0.691183,0.102760
-0.107421,0.804531,0.093196
-0.122140,0.543157,0.116422
-0.113969,0.706022,0.103681
-0.118378,0.959032,0.113491
-0.116103,0.887868,0.108940
-0.124616,0.922590,0.123976
-0.125608,0.827893,0.124878
-0.126289,0.833792,0.126107
-0.128547,0.626995,0.128235
-0.126911,0.922122,0.127944
-0.078021,0.967475,0.089987
-0.076908,0.969458,0.089087
-0.049022,0.769506,0.149581
-0.050254,0.875541,0.150803
-0.042480,0.937296,0.136785
-0.045283,0.940977,0.141615
-0.045657,0.860785,0.142956
-0.052332,0.786434,0.155177
-0.039601,0.811790,0.132874
-0.040154,0.489791,0.136608
-0.057373,0.742979,0.164271
-0.055369,0.457855,0.163208
-0.058339,0.492979,0.168051
-0.059102,0.491461,0.169385
-0.059615,0.838335,0.167346
-0.051530,0.567897,0.155637
-0.047890,0.565549,0.149356
-0.052602,0.672221,0.156612
-0.101391,0.975214,0.175402
-0.094751,0.979651,0.177424
-0.127563,0.591349,0.135724
-0.109482,0.893491,0.164337
-0.126963,0.722673,0.135632
-0.111296,0.945337,0.160761
-0.120265,0.779840,0.146702
-0.127695,0.664868,0.134865
-0.121321,0.727287,0.145330
-0.127654,0.957402,0.132424
-0.127719,0.724271,0.134313
-0.127325,0.792623,0.134407
-0.128347,0.829800,0.132324
-0.126142,0.581577,0.138260
-0.097377,0.448544,0.090173
-0.090500,0.526565,0.090493
-0.086818,0.485803,0.090326
-0.098196,0.814968,0.091676
-0.103931,0.677260,0.091111
-0.089183,0.491459,0.090349
-0.093475,0.619485,0.090874
-0.071542,0.555381,0.090611
-0.098886,0.444374,0.090156
-0.102022,0.615635,0.090858
-0.067796,0.741329,0.091374
-0.069155,0.660428,0.091042
-0.094788,0.850283,0.091821
-0.083295,0.904098,0.092041
-0.072528,0.592235,0.090762
-0.071365,0.592181,0.090762
-0.045085,0.747621,0.118986
-0.042177,0.905806,0.125414
-0.040413,0.853315,0.128029
-0.038826,0.483992,0.127594
-0.040403,0.742593,0.127089
-0.043463,0.589132,0.120436
-0.044897,0.904841,0.120674
-0.053627,0.933572,0.105736
-0.089158,0.778342,0.170366
-0.072962,0.628903,0.171012
-0.066182,0.529760,0.171441
-0.063745,0.958230,0.169588
-0.062641,0.911877,0.169788
-0.065711,0.877523,0.169937
-0.073578,0.704581,0.170685
-0.107882,0.817553,0.167776
-0.108607,0.626790,0.168204
-0.108845,0.625075,0.167808
-0.119742,0.515842,0.149910
-0.107164,0.690932,0.170137
-0.109152,0.591378,0.167574
-0.107121,0.931307,0.168090
-0.059442,0.861062,0.095017
-0.059520,0.705142,0.093602
-0.057601,0.645811,0.096435
-0.044640,0.594243,0.118438
-0.047718,0.445298,0.111890
-0.085092,0.661362,0.170872
-0.104119,0.557606,0.171321
-0.105900,0.697738,0.170715
-0.100056,0.858738,0.170018
-0.105882,0.557097,0.171323
-0.086815,0.593741,0.171164
-0.078521,0.580582,0.171221
-0.090079,0.345930,0.136024
-0.082816,0.345930,0.126707
-0.135160,1.202421,0.083536
-0.181332,1.201113,0.097842
-0.185906,1.238441,0.087159
-0.230179,1.282644,0.087531
-0.195568,1.239771,0.093632
-0.259658,1.317774,0.097186
-0.249207,1.343411,0.080357
-0.268110,1.347615,0.091711
-0.236220,1.381463,0.080018
-0.203396,1.377892,0.085163
-0.145867,1.410811,0.099854
-0.132293,1.436287,0.082912
-0.168342,1.438387,0.087733
-0.184651,1.466769,0.094046
0.115884,0.012361,0.152598
0.115884,0.054073,0.116882
0.115884,0.047629,0.111279
0.081649,0.090413,0.153227
0.074862,0.097626,0.153227
0.083886,0.042919,0.153227
0.082257,0.049304,0.153227
0.075492,0.061240,0.108624
0.078668,0.045634,0.108624
0.061621,0.002499,0.152432
0.101767,0.008103,0.153227
0.055897,0.006669,0.153227
0.075702,0.099545,0.112429
0.059308,0.014294,0.108624
0.040300,0.086128,0.143680
0.032448,0.096920,0.108624
0.030831,0.062961,0.108624
0.024589,0.017089,0.113810
0.040300,0.050592,0.111404
-0.017266,0.042269,0.153227
-0.030140,0.027701,0.153227
0.003656,0.075795,0.153227
-0.029736,0.010691,0.153227
0.007271,0.052407,0.108624
-0.010094,0.061817,0.108624
0.005655,0.136597,0.153227
-0.046323,0.102170,0.153227
-0.005215,0.116563,0.153227
-0.001006,0.127392,0.108624
-0.027468,0.201479,0.108624
-0.037469,0.038450,0.108624
-0.029890,0.203053,0.108624
-0.042083,0.045947,0.108624
-0.031546,0.098987,0.108624
-0.033868,0.096043,0.108624
-0.020268,0.008998,0.108624
0.002808,0.247420,0.153227
0.001560,0.249617,0.153227
-0.055127,0.203151,0.161828
-0.057417,0.170161,0.164118
-0.023777,0.002499,0.117934
-0.021188,0.002499,0.110214
0.005744,0.208399,0.108624
-0.036485,0.251844,0.133348
-0.074595,0.002499,0.120762
-0.076194,0.002499,0.121068
-0.061087,0.178240,0.094062
-0.056125,0.224712,0.099024
0.009555,0.185314,0.108624
0.040411,0.189028,0.121662
-0.041901,0.329363,0.135798
-0.073254,0.120050,0.169570
-0.082767,0.120362,0.169570
-0.063636,0.163416,0.169570
-0.071316,0.080723,0.169570
-0.076043,0.130143,0.169570
-0.078340,0.087060,0.169570
-0.044725,0.331179,0.142663
-0.050439,0.286779,0.156739
-0.074499,0.310941,0.169570
-0.073114,0.314587,0.169570
-0.062899,0.370494,0.169570
-0.105337,0.350064,0.169570
-0.105409,0.036899,0.092280
-0.088886,0.134003,0.092280
-0.103048,0.218071,0.092280
-0.100850,0.218362,0.092280
-0.081491,0.245216,0.092280
-0.077389,0.020992,0.092280
-0.066628,0.183952,0.092280
-0.074880,0.063965,0.092280
-0.106330,0.003190,0.092280
-0.065322,0.189684,0.092280
-0.058834,0.321926,0.096315
-0.053721,0.274421,0.101428
-0.042389,0.295219,0.124291
-0.043210,0.298538,0.121180
0.039658,0.198864,0.108624
0.032341,0.245168,0.119443
0.036301,0.250333,0.115149
-0.100539,0.002499,0.161412
-0.115513,0.043196,0.155691
-0.112021,0.173506,0.161717
-0.108060,0.177149,0.168554
-0.118747,0.086128,0.150107
-0.116368,0.041981,0.154215
-0.122052,0.315311,0.144404
-0.109659,0.283349,0.165794
-0.085110,0.349511,0.092280
-0.082475,0.355769,0.092280
-0.092877,0.297208,0.092280
-0.113056,0.094601,0.101947
-0.108044,0.177640,0.093271
-0.049341,0.354095,0.113380
-0.128977,0.240852,0.129506
-0.125001,0.119800,0.122625
-0.116376,0.089767,0.107695
-0.129114,0.187244,0.129743
-0.126914,0.196706,0.125936
-0.126213,0.191048,0.124722
0.072544,0.238812,0.108624
0.114424,0.170638,0.108624
0.095754,0.199839,0.108624
0.082021,0.241842,0.153227
0.082884,0.227428,0.153227
0.047289,0.223413,0.153227
-0.121431,0.141544,0.145475
-0.120307,0.250626,0.147415
-0.116792,0.321773,0.108414
-0.110271,0.265196,0.097126
-0.126403,0.346424,0.125052
-0.129049,0.347473,0.129631
0.111838,0.251844,0.112237
0.115884,0.193179,0.145765
0.115884,0.239065,0.144959
0.115884,0.242215,0.150598
0.080743,0.193350,0.153227
0.071510,0.199005,0.138569
0.071510,0.153110,0.120760
0.081921,0.151857,0.113346
-0.098895,0.379863,0.174653
-0.123428,0.379863,0.101755
-0.116699,0.379863,0.098420
-0.130321,0.383797,0.149585
-0.131515,0.381931,0.147516
-0.070659,0.425774,0.179329
-0.109656,0.427118,0.179329
-0.067747,0.414067,0.179329
-0.032095,0.379876,0.135667
-0.041915,0.426071,0.152683
-0.037958,0.423208,0.145830
-0.043257,0.428578,0.155007
-0.045211,0.404756,0.103512
-0.047175,0.394066,0.100105
-0.029867,0.383496,0.130150
-0.029811,0.388003,0.130246
-0.113020,0.417817,0.082522
-0.061682,0.421579,0.082522
-0.135321,0.406869,0.121015
-0.127916,0.429345,0.147304
-0.093139,0.407211,0.117710
-0.075283,0.407211,0.146370
-0.117954,1.122144,0.123996
-0.113560,1.163721,0.146831
-0.107669,1.082269,0.133048
-0.073296,1.082269,0.155816
-0.111835,1.172282,0.143586
-0.084704,1.461873,0.092510
-0.043686,1.457093,0.092510
0.008502,1.426690,0.092510
-0.077915,1.377831,0.092510
-0.064591,1.381258,0.092510
-0.149793,1.343296,0.092510
-0.172795,1.308887,0.092510
-0.038882,1.297450,0.092510
-0.044743,1.299684,0.092510
-0.041873,1.297620,0.092510
-0.002036,1.332529,0.092510
0.004667,1.335016,0.092510
-0.095866,1.329128,0.092510
-0.083597,1.326953,0.092510
-0.004340,1.275653,0.092510
-0.040514,1.259805,0.092510
-0.166779,1.274082,0.092510
-0.130933,1.274507,0.092510
-0.129494,1.277816,0.092510
-0.059141,1.213512,0.092510
-0.040500,1.244626,0.092510
0.072527,1.309587,0.112381
-0.216494,1.325277,0.098309
-0.019070,1.193126,0.129229
-0.018781,1.193413,0.133309
0.064774,1.276777,0.119874
-0.003064,1.470130,0.125664
-0.073119,1.491637,0.109066
-0.045317,1.491637,0.137456
-0.230040,1.303424,0.124565
-0.230040,1.372878,0.110860
-0.230040,1.372447,0.116148
-0.061413,1.465485,0.161510
-0.057913,1.467195,0.161510
-0.110778,1.472918,0.161510
-0.159711,1.429933,0.161510
-0.196880,1.402884,0.161510
-0.121781,1.427186,0.161510
-0.085610,1.410635,0.161510
-0.077417,1.421926,0.161510
-0.000656,1.425138,0.161510
-0.091268,1.407934,0.161510
-0.001882,1.423148,0.161510
-0.121727,1.427827,0.161510
-0.113990,1.373708,0.161510
-0.184831,1.353293,0.161510
-0.139542,1.344744,0.161510
-0.057135,1.394003,0.161510
-0.142516,1.299246,0.161510
-0.099845,1.309491,0.161510
-0.112210,1.302379,0.161510
0.019658,1.378484,0.161510
0.008262,1.297050,0.161510
-0.038527,1.331330,0.161510
0.046080,1.293927,0.161510
0.022080,1.342106,0.161510
-0.001953,1.343794,0.161510
-0.065189,1.278161,0.161510
-0.200604,1.282949,0.161510
-0.057337,1.245533,0.161510
-0.096051,1.260803,0.161510
-0.127309,1.267846,0.161510
-0.022580,1.280853,0.161510
-0.144265,1.226601,0.161510
-0.090052,1.210266,0.161510
-0.197613,1.276229,0.161510
-0.213123,1.413615,0.135447
-0.159847,1.466700,0.136010
-0.158928,1.467615,0.130973
-0.214929,1.271477,0.115834
-0.214923,1.271471,0.117910
-0.216611,1.328491,0.157849
-0.219748,1.327752,0.149797
-0.251492,1.388781,0.146728
-0.251492,1.336456,0.133603
-0.251492,1.379786,0.147146
-0.251492,1.330202,0.134750
-0.205149,1.446051,0.154771
-0.219903,1.249388,0.153274
-0.195338,1.224720,0.123206
-0.150811,1.180006,0.145715
-0.194819,1.224199,0.127298
-0.145715,1.174888,0.146383
-0.247757,1.406722,0.109597
-0.203530,1.450856,0.113058
-0.208363,1.446034,0.104873
-0.071045,1.172950,0.107808
-0.245238,1.407641,0.103223
-0.086256,1.508204,0.148986
-0.067162,1.508204,0.108329
-0.113770,1.480779,0.150572
0.051478,1.245905,0.116596
0.052042,1.246468,0.114045
0.059895,1.254313,0.154609
0.018611,1.213074,0.137322
-0.159923,1.238276,0.108009
-0.158063,1.230603,0.107424
-0.188484,1.415773,0.108112
-0.109174,1.492904,0.105217
-0.108045,1.487795,0.105936
-0.060133,1.507288,0.103191
0.029592,1.454957,0.130958
0.071285,1.413398,0.127210
-0.045415,1.497101,0.153299
0.083880,1.336140,0.136093
0.083880,1.326926,0.139717
0.083880,1.372487,0.134277
0.083880,1.291385,0.142605
-0.019766,1.217261,0.107336
0.053235,1.428992,0.103305
0.082582,1.278342,0.154990
0.032301,1.402535,0.108099
0.052591,1.326801,0.149874
-0.037762,1.427329,0.163752
-0.009659,1.390727,0.178616
-0.016000,1.465595,0.169591
-0.017146,1.458731,0.156521
0.022125,1.465466,0.168615
0.065130,1.385435,0.179337
0.060406,1.425678,0.169891
0.085230,1.406487,0.166611
0.074737,1.344315,0.169938
0.108619,1.336572,0.164613
0.104106,1.328350,0.168463
0.080560,1.309023,0.178839
0.043559,1.295411,0.167832
0.044833,1.289613,0.172941
0.013929,1.264450,0.156267
0.019171,1.255555,0.176216
-0.017739,1.248042,0.178511
0.004101,1.199477,0.174193
0.000080,1.186400,0.168346
-0.124494,1.201677,0.171347
-0.174249,1.197222,0.170104
-0.137959,1.231978,0.153463
-0.159732,1.264383,0.155068
-0.231268,1.286313,0.174448
-0.244282,1.316831,0.179965
-0.242957,1.322694,0.180700
-0.265609,1.344122,0.162383
-0.239737,1.369990,0.179987
-0.241706,1.408497,0.168287
-0.225420,1.420160,0.171093
-0.173600,1.382472,0.179418
-0.205691,1.385529,0.178944
-0.137730,1.457485,0.159494
-0.167693,1.471043,0.170582
-0.171319,1.472836,0.168192
-0.172416,1.430667,0.165065
0.004458,1.190837,0.089864
0.004573,1.188900,0.096002
0.003013,1.264939,0.105205
0.018868,1.244531,0.085076
0.028597,1.283081,0.087124
0.032044,1.287563,0.097534
0.065563,1.289348,0.081380
0.069641,1.292514,0.080312
0.101505,1.325954,0.089867
0.105839,1.325257,0.094002
0.101002,1.358448,0.098100
0.092666,1.396322,0.093923
0.066274,1.371060,0.099681
0.029458,1.370941,0.095007
-0.009352,1.388247,0.082189
-0.006102,1.390686,0.080157
-0.025337,1.427068,0.108104
-0.018849,1.449033,0.079446
-0.011485,1.457383,0.080790
0.020419,1.461776,0.085727
-0.107191,1.453679,0.121791
-0.085049,1.505439,0.145835
-0.060640,1.454319,0.125356
-0.097897,1.532126,0.117654
-0.133187,1.529574,0.127930
-0.000031,1.472693,0.128528
-0.198195,1.497619,0.129418
-0.024167,1.518610,0.131295
0.020757,1.504269,0.130439
-0.067981,1.547817,0.131921
-0.065363,1.203725,0.131972
-0.065364,1.205143,0.130290
-0.090515,1.202182,0.165146
-0.098165,1.204451,0.126057
-0.065363,1.205495,0.087094
-0.093538,1.221166,0.088481
-0.079915,1.110640,0.136729
-0.118711,1.122402,0.114098
-0.091469,1.134315,0.092280
-0.054026,1.122124,0.105292
-0.046341,1.121931,0.143266
-0.112500,1.162027,0.103346
-0.066935,1.149608,0.072487
-0.061850,1.163371,0.169570
-0.117084,1.139406,0.060186
-0.116931,1.144611,0.066462
-0.013715,1.136556,0.104115
-0.049811,1.154097,0.178049
-0.094102,1.162652,0.173637
-0.144656,1.150892,0.122525
-0.147993,1.132097,0.082948
-0.145965,1.140114,0.163107
-0.144682,1.138429,0.169397
-0.107563,1.102601,0.075176
-0.078267,1.123381,0.056372
-0.008710,1.129837,0.100360
-0.031963,1.119995,0.077851
-0.042465,1.107456,0.179541
-0.046091,1.103102,0.177947
-0.033388,1.129464,0.203611
-0.121316,1.131876,0.210749
-0.113641,1.154380,0.183612
-0.080252,1.135738,0.206092
-0.169062,1.126635,0.123567
-0.157113,1.119142,0.116396
-0.121546,1.104087,0.081970
-0.041347,1.126052,0.053955
-0.031447,1.100421,0.114127
0.000420,1.123620,0.134525
-0.122396,1.112622,0.193844
-0.129166,1.085684,0.106548
-0.056888,1.041007,0.073001
-0.051041,1.043301,0.073336
-0.087291,1.090978,0.080296
-0.085034,1.080797,0.078810
-0.031728,1.079772,0.145266
-0.088209,1.096290,0.180964
-0.083926,1.100683,0.184940
-0.145293,1.060597,0.134772
-0.137270,1.043353,0.108258
-0.106599,1.052277,0.074646
-0.111589,1.049455,0.074234
-0.036888,1.017468,0.089565
-0.031006,1.020131,0.100538
-0.051633,1.055926,0.186682
-0.053665,1.053148,0.187138
-0.065368,1.059582,0.186190
-0.146738,1.028157,0.141705
-0.143103,1.026417,0.148517
-0.130456,1.044899,0.165020
-0.139912,1.004338,0.112725
-0.142654,0.993407,0.127409
-0.077054,1.005958,0.072538
-0.106137,0.977684,0.085358
-0.043257,0.987662,0.101039
-0.043720,1.011575,0.183387
-0.045882,1.010270,0.185949
-0.094066,1.040271,0.189036
-0.101077,1.035768,0.189700
-0.127962,0.996620,0.162883
-0.129370,0.623478,0.129629
-0.124520,0.756167,0.122377
-0.129218,0.664501,0.129720
-0.121565,0.958159,0.119000
-0.115754,0.774191,0.107358
-0.114556,0.725555,0.104865
-0.123215,0.450270,0.117484
-0.126400,0.486672,0.123311
-0.127310,0.492195,0.124933
-0.113343,0.646446,0.102086
-0.118772,0.546303,0.110622
-0.109840,0.580196,0.095453
-0.032032,0.976209,0.130975
-0.050969,0.670557,0.153799
-0.049185,0.600721,0.151300
-0.060585,0.911513,0.168407
-0.057912,0.833013,0.164445
-0.060750,0.797554,0.169655
-0.044111,0.528836,0.143127
-0.052226,0.677873,0.155913
-0.040232,0.631742,0.135522
-0.038504,0.487047,0.133774
-0.039845,0.820007,0.133227
-0.045344,0.710971,0.143707
-0.038819,0.705592,0.132433
-0.042015,0.638230,0.138559
-0.089649,0.980039,0.177601
-0.110450,0.893053,0.162671
-0.128119,0.867990,0.132388
-0.120734,0.863219,0.145177
-0.122680,0.785419,0.142485
-0.114111,0.937078,0.155973
-0.122663,0.865106,0.141831
-0.125139,0.578775,0.140015
-0.127746,0.663022,0.134792
-0.105833,0.817657,0.091687
-0.101678,0.454089,0.090196
-0.090369,0.523391,0.090480
-0.106105,0.935254,0.092169
-0.090577,0.897647,0.092015
-0.061733,0.858989,0.091856
-0.061915,0.462919,0.090232
-0.069720,0.742934,0.091380
-0.060344,0.466830,0.090248
-0.097015,0.858426,0.091854
-0.077017,0.735700,0.091351
-0.094294,0.936833,0.092176
-0.062111,0.811072,0.091660
-0.076345,0.693067,0.091176
-0.075211,0.773382,0.091505
-0.044216,0.780495,0.120783
-0.047682,0.784551,0.114787
-0.038791,0.744762,0.129911
-0.054950,0.949025,0.103567
-0.048790,0.892835,0.113798
-0.039989,0.706609,0.127497
-0.040514,0.535817,0.125105
-0.066283,0.951907,0.169615
-0.070694,0.953625,0.169608
-0.069305,0.747446,0.170500
-0.071426,0.621463,0.171044
-0.079914,0.871909,0.169961
-0.083638,0.776331,0.170375
-0.070796,0.912251,0.169787
-0.114587,0.475837,0.159186
-0.107310,0.893896,0.168094
-0.118804,0.525826,0.151445
-0.115350,0.472268,0.157897
-0.106896,0.752766,0.170055
-0.107820,0.475752,0.170900
-0.061136,0.856002,0.092045
-0.049547,0.678259,0.110638
-0.046499,0.439795,0.113953
-0.058521,0.810918,0.096200
-0.056481,0.648026,0.098391
-0.059836,0.515917,0.091502
-0.055660,0.554727,0.099047
-0.060428,0.553556,0.090786
-0.041770,0.526369,0.122848
-0.059517,0.612832,0.092850
-0.045448,0.584255,0.116958
-0.074070,0.460605,0.171740
-0.095736,0.513544,0.171511
-0.083525,0.661996,0.170869
-0.085785,0.524128,0.171465
-0.105166,0.750246,0.170487
-0.101113,0.818004,0.170194
-0.094909,0.813949,0.170212
-0.119210,0.437400,0.150776
-0.054792,0.360625,0.116954
-0.138609,1.245989,0.079409
-0.148519,1.176198,0.092335
-0.142007,1.194008,0.084071
-0.130693,1.235047,0.084433
-0.125197,1.235564,0.096194
-0.168545,1.273762,0.085429
-0.192797,1.241292,0.089936
-0.226129,1.289748,0.080832
-0.233811,1.285827,0.086260
-0.258257,1.304522,0.094461
-0.263058,1.367027,0.097142
-0.238265,1.377941,0.080065
-0.202130,1.377669,0.085307
-0.217615,1.417889,0.090771
-0.160478,1.376426,0.088945
-0.202041,1.385833,0.081150
-0.164170,1.384604,0.081262
-0.140013,1.402676,0.106485
-0.146280,1.402951,0.103592
-0.167738,1.441151,0.099622
0.115884,0.066242,0.153141
0.112350,0.065477,0.153227
0.075967,0.042316,0.153227
0.111372,0.099646,0.153104
0.113013,0.092332,0.108624
0.109753,0.014244,0.108624
0.110294,0.088057,0.108624
0.107352,0.015927,0.108624
0.075545,0.062493,0.108624
0.114219,0.002499,0.144977
0.115473,0.002499,0.110432
0.065775,0.003379,0.153227
0.041351,0.041329,0.153227
0.081726,0.099567,0.121275
0.075816,0.002499,0.116769
0.065662,0.002499,0.115477
0.031812,0.042783,0.153227
0.026198,0.017943,0.108624
0.040300,0.079051,0.137970
0.035244,0.096980,0.108624
0.024835,0.016810,0.118159
0.036958,0.099635,0.148523
0.005885,0.069854,0.153227
0.005246,0.079551,0.153227
0.000773,0.083843,0.108624
0.006819,0.129003,0.117156
-0.033681,0.142015,0.153227
-0.026999,0.139933,0.153227
-0.045993,0.069798,0.153227
-0.035878,0.068818,0.153227
-0.043915,0.107059,0.153227
-0.021322,0.175784,0.153227
-0.020627,0.184556,0.153227
0.002842,0.147747,0.153227
0.002494,0.004560,0.153227
-0.021694,0.171057,0.108624
-0.042768,0.050377,0.108624
-0.026801,0.160935,0.108624
-0.032974,0.098967,0.108624
0.000612,0.123366,0.108624
0.008921,0.013788,0.150582
-0.033706,0.230765,0.153227
-0.023416,0.221694,0.153227
0.008822,0.211666,0.153227
-0.057956,0.212269,0.164657
-0.056530,0.169530,0.163231
-0.048246,0.133149,0.106903
0.008435,0.223334,0.108624
-0.013866,0.239268,0.108624
-0.012584,0.248703,0.108624
0.036643,0.151857,0.113260
0.023955,0.179029,0.153227
-0.050058,0.273142,0.156760
-0.051955,0.272179,0.158656
-0.065462,0.002499,0.123250
-0.054704,0.139301,0.100445
0.032365,0.157486,0.108624
0.040411,0.153201,0.151115
0.002279,0.251844,0.142632
-0.066609,0.002499,0.158192
-0.062022,0.002499,0.160607
-0.105153,0.168660,0.169570
-0.072661,0.040947,0.169570
-0.069391,0.038891,0.169570
-0.078242,0.039358,0.169570
-0.066695,0.244933,0.169570
-0.080275,0.248290,0.169570
-0.077334,0.084319,0.169570
-0.083625,0.250097,0.169570
-0.070736,0.207023,0.169570
-0.059946,0.373544,0.165093
-0.045881,0.329151,0.144857
-0.059677,0.375483,0.164444
-0.104685,0.281029,0.169570
-0.106843,0.280231,0.169570
-0.081601,0.310280,0.169570
-0.066348,0.100470,0.092280
-0.074306,0.101321,0.092280
-0.072815,0.024567,0.092280
-0.069728,0.066124,0.092280
-0.068804,0.107069,0.092280
-0.080800,0.247808,0.092280
-0.105971,0.086851,0.092280
-0.093576,0.129789,0.092280
-0.058413,0.321276,0.096736
-0.052021,0.269017,0.103128
-0.106301,0.002499,0.097695
-0.106372,0.002499,0.101344
-0.040697,0.257961,0.130702
0.036170,0.185362,0.153227
-0.103830,0.002499,0.158563
-0.126371,0.002499,0.134228
-0.114707,0.037302,0.157082
-0.117752,0.132416,0.151825
-0.117549,0.134757,0.152176
-0.118889,0.095602,0.149864
-0.120872,0.089933,0.146441
-0.107675,0.337756,0.169218
-0.127481,0.348548,0.135033
-0.118052,0.311640,0.151308
-0.091339,0.294542,0.092280
-0.086016,0.296465,0.092280
-0.082177,0.356727,0.092280
-0.114974,0.155488,0.105268
-0.117501,0.150643,0.109641
-0.110926,0.050245,0.098261
-0.107818,0.186236,0.092880
-0.121724,0.229957,0.116951
-0.047865,0.356882,0.116211
-0.125851,0.061122,0.124096
-0.122357,0.121910,0.118048
-0.127415,0.060584,0.126803
-0.129047,0.006669,0.129629
-0.124100,0.019817,0.121064
0.088797,0.193552,0.108624
0.097303,0.208501,0.108624
0.064243,0.222983,0.108624
0.050996,0.251844,0.148620
0.038701,0.251844,0.115759
0.043388,0.217118,0.153227
-0.112263,0.212497,0.161300
-0.114913,0.214431,0.156725
-0.114411,0.210812,0.157592
-0.127754,0.281989,0.127390
-0.110165,0.256946,0.096942
-0.119360,0.293922,0.112860
0.115884,0.161503,0.120414
0.115884,0.153587,0.109260
0.115884,0.238085,0.110851
0.078873,0.251844,0.120134
0.115884,0.249708,0.152874
0.115884,0.190563,0.150813
0.115884,0.203893,0.136071
0.083758,0.160630,0.153227
0.072819,0.154857,0.153227
0.071510,0.200350,0.136406
0.115252,0.151857,0.150022
0.077413,0.151857,0.120425
-0.116547,0.379863,0.102453
-0.114178,0.424139,0.177539
-0.127331,0.395460,0.154762
-0.100853,0.381117,0.179329
-0.077055,0.422944,0.179329
-0.045646,0.403782,0.102757
-0.080569,0.396011,0.082522
-0.075218,0.387397,0.082522
-0.134462,0.418983,0.119524
-0.060325,0.429345,0.082699
-0.074027,0.407211,0.144205
-0.087348,0.407211,0.106325
-0.115390,1.122104,0.119545
-0.068117,1.082269,0.120887
-0.111618,1.082269,0.141400
-0.065504,1.082269,0.113052
-0.059941,1.121160,0.103398
-0.055053,1.129625,0.148564
-0.044388,1.154956,0.127453
-0.061841,1.171517,0.102448
