-1.5,-0.489994,0.156864
-0.932802,-0.541046,0
1.5,0.637694,0.308809
-0.904773,-0.849398,0.461539
-0.780265,1.03846,0.00142873
-1.18923,-0.852168,0
1.28311,-0.80007,0
-1.37406,0.901885,0.461539
0.492482,1.03846,0.160844
-0.916176,0.53347,0.461539
0.177788,-1.03846,0.284866
-0.507962,1.03846,0.383016
1.03288,-0.658262,0
-0.59045,-0.38464,0.421058
0.995779,-0.997572,0
0.903242,0.358818,0.461539
-1.17721,0.941058,0
1.14538,-0.073409,0.461539
-1.16435,-1.01132,0
0.719551,-0.418397,0
0.400808,-0.575535,0.0996746
-0.646188,0.973752,0.461539
1.18191,-0.709206,0
1.22902,0.959049,0
0.786767,-0.626228,0.461539
-1.32449,0.319924,0.461539
0.88396,0.204776,0.461539
0.451419,0.568879,0.458762
0.50432,-0.948354,0
1.48873,-0.624545,0.399939
0.920854,-0.238153,0
-1.3833,0.146275,0
1.15668,0.0205846,0.461539
-0.981053,-0.20666,0
0.628799,-0.996058,0
-0.991224,0.390015,0.461539
-1.5,0.711454,0.178187
0.676591,0.184351,0.0956055
0.223625,0.927469,0
-1.20195,-1.03846,0.226772
0.249466,0.778275,0.461539
-0.107378,1.03846,0.0843681
-1.36878,-0.87734,0.461539
1.19486,-0.80594,0
1.5,-0.430685,0.168933
0.804371,0.144401,0.461539
-0.698141,0.071194,0.179551
-0.661788,0.230609,0.114191
-0.537232,-0.450366,0.272734
-1.37386,-0.731379,0.461539
-0.507812,-0.727563,0.461539
0.767576,0.816779,0.461539
1.47714,-0.847283,0.0359713
-1.24569,0.576779,0.461539
-1.35065,-0.616329,0.461539
-0.477453,-0.513674,0.29974
1.5,0.0167998,0.231637
0.612306,0.449872,0.461539
0.270222,-1.03846,0.26818
0.728441,0.102275,0.44436
-0.366228,-1.03846,0.258069
-0.707431,0.887081,0.461539
-0.100572,-0.695083,0.134695
-1.34266,0.988439,0
-1.01891,-0.106881,0.461539
1.4918,-0.746268,0.0683935
1.14602,-0.388909,0.461539
0.611343,-0.821152,0
-0.729347,-0.982012,0
-0.379738,0.954117,0.461539
1.04428,0.743485,0.461539
-0.505765,-1.03846,0.210599
-1.27552,1.03846,0.15498
0.621424,-0.324675,0.334431
-1.29297,-1.03846,0.457883
-1.22648,-0.582903,0.461539
-0.636918,0.536479,0.461539
-1.2396,-0.0205441,0
-0.844162,0.22224,0
0.70123,0.395026,0.461539
-0.275636,0.985402,0
-1.5,0.577501,0.181373
0.25764,-0.971335,0
1.49236,-0.0529451,0.391905
-0.250316,0.897299,0
-1.26918,0.7907,0
1.20801,1.03846,0.243738
0.229211,-0.666793,0.400131
-0.241538,-0.657946,0.108584
0.161158,0.916336,0.461539
0.824898,-1.0208,0.461539
-0.533906,0.898257,0
-0.777773,1.03846,0.0955867
-1.24987,-1.03846,0.0165336
1.44604,-0.67344,0.460569
1.5,-0.667023,0.166246
0.425916,0.754667,0
1.5,0.432125,0.240976
-0.422226,-0.559253,0.199027
-0.422388,0.783428,0
-1.01793,0.522868,0
-0.834956,-0.17407,0.461539
-0.801245,0.647329,0.461539
-1.19376,0.662788,0
-0.691442,0.849455,0
-0.524222,-0.8528,0.461539
1.3942,-0.869639,0
0.726599,-1.02172,0
-0.737546,-1.03846,0.458795
-1.14214,-0.348802,0
-1.00876,-0.576825,0.461539
0.379393,0.869854,0.461539
0.793622,-0.717292,0.461539
-0.00721011,-0.797961,0.461539
-0.681679,-0.883678,0.461539
-0.145304,-0.817999,0.461539
0.780725,0.448719,0.461539
0.14257,0.819926,0.461539
-1.31949,-0.485008,0.461539
-1.24346,-0.875367,0.461539
-1.12894,1.00177,0.461539
0.375706,0.673904,0
1.47188,0.322849,0.0268015
1.5,0.108952,0.234174
-0.853364,1.03846,0.175212
1.5,-0.0424103,0.300139
0.177548,-0.678296,0.327032
0.0317236,-1.03846,0.265025
-0.938633,0.201952,0
1.01403,0.955277,0
0.778538,-0.282818,0
-0.0278986,-1.03846,0.150547
1.4336,-0.0141316,0
-0.691189,-0.494318,0
0.0410916,-1.03846,0.358001
-0.50598,0.485247,0.188608
0.448124,-0.807027,0
1.36714,-0.838362,0.461539
0.878769,1.03846,0.0924605
0.317144,-0.717525,0.461539
1.5,-0.133227,0.113503
0.389542,0.582812,0.350419
-0.0909969,-0.726491,0.437869
-1.48373,0.987912,0.0968347
0.550807,0.688772,0.461539
0.946156,-0.0113057,0.461539
1.34157,-0.26247,0
0.106779,1.03846,0.0410679
1.46722,0.590934,0.439389
1.37821,1.03846,0.435304
-1.04909,-1.03846,0.307329
1.5,-0.79759,0.153193
-0.594339,-0.68342,0.461539
-1.08778,0.589674,0.461539
-0.0697222,0.698286,0.100944
1.08529,0.101818,0.461539
-0.791658,1.03846,0.24657
-1.14838,-0.879317,0.461539
-0.68312,0.720664,0
1.5,-0.281133,0.0924252
0.710232,1.03653,0.461539
-1.5,0.550811,0.330315
0.156934,-1.03846,0.383195
0.682066,-0.170011,0.0719517
-1.10124,-0.499053,0.461539
-1.41314,0.839492,0
-0.788735,-0.0917698,0.461539
-0.855342,-0.603015,0
-0.958492,1.03846,0.285415
-0.454345,-1.03846,0.283272
1.36313,0.0659876,0
0.244138,-0.974537,0.461539
-0.773987,-0.243929,0.461539
0.336931,0.760517,0.461539
-0.322843,1.03846,0.279692
-0.574158,0.834882,0.461539
1.19577,-0.607084,0.461539
1.20216,0.300468,0
0.565296,-0.414307,0.291411
-1.34341,-1.03846,0.0463631
-0.287997,1.03846,0.361145
0.882196,-0.634269,0.461539
-0.611351,-0.421199,0
-0.00388896,-0.930324,0
-1.43685,-0.79459,0.461539
-1.48378,-0.544005,0.0506523
0.173645,0.685742,0.417486
-0.128408,0.976219,0.461539
-0.739098,0.715766,0.461539
1.21229,0.523285,0.461539
0.752075,-0.947015,0.461539
1.10332,1.0197,0
1.0407,-0.23893,0.461539
1.28415,-0.0252915,0
1.4122,-0.181907,0
0.256547,-1.03846,0.381553
1.19905,-1.03846,0.0907655
-0.469188,-0.544049,0.434773
0.943557,0.882338,0
-1.23658,1.01829,0
0.848724,-0.807275,0.461539
-1.23397,-0.731441,0
1.37477,0.84011,0.461539
-0.333619,-0.616262,0.299626
-0.708249,0.634686,0
0.0144773,1.03846,0.353439
-0.978675,-0.920905,0.461539
-0.582922,-0.958335,0
1.21935,0.895328,0.461539
-0.507586,0.73839,0.461539
-0.925177,-1.03846,0.0328374
1.45123,-0.474637,0.00615716
-0.525634,0.487186,0.0347702
-1.39602,0.547735,0
0.0988318,-0.695277,0.170151
0.551521,1.01721,0.461539
0.978495,-1.03846,0.267032
-1.27223,0.125018,0
-0.808642,-0.864714,0.461539
-0.464421,-0.52624,0.103733
-1.00002,-0.210662,0.461539
-0.206522,1.03846,0.0782202
-0.386277,1.03846,0.140449
-1.5,-0.709672,0.323567
0.427178,-1.03846,0.372217
1.03337,-0.419099,0.461539
-0.463619,-1.03846,0.455448
-1.5,0.366553,0.242877
-0.364268,-1.03846,0.165337
-0.653684,-0.253461,0.294917
-1.5,0.277494,0.361369
0.228615,-0.735982,0.461539
-0.989529,0.608218,0
-1.20428,0.272228,0
-1.42617,1.03846,0.386286
-0.997381,-0.0139554,0.461539
0.981196,-0.823451,0
-1.04032,0.686372,0
0.760034,0.152928,0
1.16615,0.771062,0.461539
-0.926515,-0.149478,0.461539
-1.39719,1.03846,0.0718442
0.970552,-0.345476,0.461539
1.02988,-0.26104,0
-0.654778,-0.527209,0.461539
-0.779576,-0.528207,0.461539
-0.92524,-0.0557687,0
-1.34567,-1.03846,0.326001
-0.143353,0.887502,0.461539
-1.44471,-1.02694,0.00597467
-1.12232,1.03846,0.187629
-0.498452,0.735159,0
0.698267,0.710404,0
-0.275166,1.03846,0.139248
-1.5,0.875726,0.252534
0.702251,-0.0078749,0.210275
-1.07183,1.03846,0.344727
-0.700089,-0.0511217,0.242427
1.48368,0.459481,0.05044
0.343588,0.792919,0
1.25744,-1.03846,0.164132
-1.07151,1.03846,0.0865934
-1.03588,-0.319136,0
-1.00919,0.302645,0.461539
-1.40352,0.00787873,0
-1.38009,-0.226069,0.461539
0.694424,0.674699,0.461539
0.702251,0.0278669,0.291376
-1.41042,-0.724955,0
-1.31091,-0.876568,0
-1.12774,-0.777386,0.461539
0.683177,-0.169689,0.389906
0.277952,0.724246,0
-0.738739,-0.882241,0
1.07692,0.38479,0.461539
1.24382,0.778118,0
-0.256282,-0.652708,0.326967
0.832476,1.01892,0.461539
-1.5,-0.384807,0.20857
1.19874,0.388991,0
0.765488,-0.243368,0.461539
-1.44786,0.972887,0.456444
1.06943,0.706286,0
0.377854,-1.03846,0.0401455
-1.5,-0.184372,0.319407
1.21117,-0.609048,0
-0.328212,-0.880021,0
-0.929623,-1.03846,0.23476
1.36372,0.174965,0
0.475228,0.913335,0.461539
-1.13132,-0.601224,0.461539
1.48049,0.205151,0.0433776
1.04421,0.0158429,0
-0.242352,-0.674853,0.431568
-0.185341,0.676192,0.243422
1.06157,0.275955,0
1.5,-0.52552,0.101554
1.48084,-0.507299,0.417377
0.518033,-1.03846,0.0169067
1.5,-0.0466637,0.169852
0.72449,-1.03846,0.417215
0.568032,-1.03846,0.0905562
-1.31418,-0.55712,0
-0.937651,0.235714,0.461539
1.00774,-0.347117,0
1.48637,0.720404,0.405162
1.5,-0.267982,0.219645
0.904817,0.0408235,0
1.43324,-0.414179,0.461539
-0.465682,-0.776744,0
-0.0152633,0.944478,0
-1.33886,1.03846,0.224924
0.603966,-1.03846,0.25666
0.782091,0.287388,0
-0.326614,0.790611,0
-0.29744,-1.03846,0.0985794
1.5,-0.340386,0.271759
0.699286,-0.059404,0.122852
-0.58824,0.741993,0
0.497117,-0.496835,0.0818594
0.84357,-0.174715,0
-1.5,-0.235492,0.104692
-0.919051,-0.481836,0.461539
0.948646,0.909167,0.461539
-0.74979,-0.124301,0
0.821866,1.03846,0.279585
-1.45662,-0.0968185,0.449989
0.991797,-0.435407,0
0.775024,-0.555969,0
-1.144,0.399196,0
-0.969357,0.713264,0.461539
-0.803844,0.108391,0
0.301727,0.994458,0
1.11555,0.556115,0.461539
-0.712006,-0.0700649,0.406476
1.47508,1.00706,0.212956
0.657016,1.03846,0.387158
-1.28517,-0.269713,0
1.46842,-0.0920014,0.0233501
-0.955345,0.100193,0
-0.619041,0.74533,0.461539
0.771882,-0.528209,0.461539
-0.571023,0.406802,0.356285
-1.47192,1.01162,0.259275
-0.625416,0.317081,0.101029
-1.25502,-0.140978,0.461539
-1.5,-0.476835,0.249961
-0.064864,-0.879847,0.461539
1.25659,1.03846,0.320509
0.0107496,0.931003,0.461539
-0.595257,-0.66929,0
-0.700982,-0.447572,0.461539
0.535449,-1.03846,0.332045
-1.07211,0.774595,0.461539
-0.768872,0.562831,0.461539
0.951185,-0.543981,0.461539
-0.0479101,-0.776196,0
-1.44499,0.0755464,0.461539
-1.5,-0.101856,0.125237
-0.699069,-1.03846,0.107942
1.0393,1.03846,0.137358
-0.019488,1.03846,0.251829
1.19211,0.354696,0.461539
-0.847986,1.01671,0.461539
0.974344,0.287982,0.461539
1.25044,0.151201,0.461539
0.252126,-0.834517,0.461539
0.643107,0.846411,0.461539
0.603184,0.356277,0.333096
-0.471579,0.530405,0.401949
0.704305,0.0271407,0.379957
1.5,-0.653012,0.289791
1.5,0.771624,0.153538
-1.36474,0.184052,0.461539
0.994951,0.117638,0
1.07608,-0.49526,0
-1.49838,0.0418737,0.0829494
1.33253,1.03846,0.193966
-0.628337,0.654939,0.461539
0.0616799,-1.03846,0.132942
-1.5,0.189879,0.259204
-1.46076,0.0887963,0.0156833
1.29655,0.589205,0.461539
-1.15047,-0.452029,0
0.914085,0.648231,0.461539
-0.689828,1.03846,0.00215177
-1.5,0.628418,0.285926
0.0362079,0.717124,0.411796
-0.856431,0.68629,0
-1.27333,0.616542,0
-1.44804,0.435303,0.458571
0.979432,-0.574023,0
1.12121,0.88938,0.461539
0.514952,-0.57806,0
-0.752483,-0.666691,0.461539
0.582208,-0.390477,0.183738
-0.542689,0.590524,0.461539
-0.669749,-0.243654,0.418338
-0.0315503,-0.701989,0.238603
0.000104476,1.03846,0.0978085
1.49422,-0.195554,0.387797
-0.801329,-1.03846,0.217975
-0.646927,-0.887721,0
-0.836843,0.217332,0.461539
-1.5,-0.0936369,0.36747
-1.48111,-0.0113501,0.416798
-0.123145,-1.03846,0.29435
0.643761,0.802702,0
-0.0993742,0.901271,0
-1.21128,1.03846,0.0848598
-1.26153,1.03846,0.274844
-1.39665,-0.534347,0.461539
1.30701,-0.633709,0
-0.868194,-0.404455,0.461539
0.790775,0.711359,0
-0.685797,0.299611,0.461539
0.347009,-0.616797,0.0389876
0.820875,1.03846,0.00956802
1.37481,0.523111,0.461539
0.709289,-1.03846,0.0932922
-0.00167714,-0.702251,0.144603
-0.639316,-1.03846,0.185368
0.697976,-0.0729033,0.323415
0.808355,0.602333,0
0.161297,1.03846,0.377308
1.11728,0.901105,0
1.07732,-0.738578,0
1.17712,-0.92989,0.461539
-0.866904,0.407774,0
0.817828,-1.03846,0.0342949
-0.841032,-0.720162,0.461539
-1.17275,0.50635,0.461539
1.18962,-0.927434,0
-1.4489,0.829333,0.457707
-0.617563,1.03846,0.0562851
0.709236,0.0873814,0.0586653
-1.5,0.940858,0.172067
0.0758544,-0.938343,0.461539
1.16064,0.730733,0
-0.830813,-1.03352,0
-0.691555,0.433378,0
-0.213956,-0.759063,0.461539
0.731522,-1.03846,0.20185
-1.45043,0.974439,0.0053622
0.662307,-0.748785,0
-0.978175,-1.03846,0.403701
0.972555,-0.153398,0.461539
1.11555,0.624125,0
-0.134436,1.03846,0.237131
-1.24789,-0.24406,0.461539
0.65017,0.63279,0
-1.07892,0.940749,0
-0.727403,-0.0358763,0.0270995
0.606602,0.759874,0.461539
0.509017,-0.772484,0.461539
0.529877,0.675092,0
1.2305,-0.127745,0.461539
1.13061,0.684291,0.461539
-0.212355,-0.739468,0
0.763181,0.797307,0
0.588909,-0.912973,0
1.33418,-0.53218,0.461539
-0.868237,-0.554663,0.461539
1.3734,-0.55236,0
-1.5,-0.798079,0.109735
-1.38603,0.00959313,0.461539
-1.08376,-1.03846,0.0445281
-0.409603,0.858295,0.461539
-0.370424,-1.03846,0.396193
0.887044,1.03846,0.34221
0.875212,-0.388944,0.461539
-1.29886,0.341042,0
-0.271799,-1.00749,0
-1.5,0.0308781,0.190465
1.19888,-1.03846,0.33008
0.486234,0.505217,0.116597
-1.45884,0.696107,0.447773
1.33456,-0.752036,0.461539
0.164603,-0.681708,0.233058
-1.04192,0.132356,0
0.487666,-0.962074,0.461539
0.264358,0.649587,0.101424
-1.08799,0.0428178,0.461539
-0.60642,1.03846,0.39274
1.21707,0.518145,0
-0.691163,-0.754849,0
1.5,0.326018,0.153741
-0.271881,-1.03846,0.442199
-1.05679,-0.416776,0
1.44698,-0.118847,0.459634
-1.5,-0.699961,0.108307
-1.5,0.639173,0.109867
0.886887,0.518987,0.461539
0.339763,-0.850376,0.461539
1.48037,0.824636,0.418435
-1.03857,-0.739437,0.461539
-1.25972,-1.03846,0.302914
-0.598901,-1.03846,0.0561926
0.674424,1.03846,0.200554
-0.176793,1.00206,0
-1.35707,0.748532,0
1.15997,-0.840269,0.461539
1.5,-0.497433,0.307442
0.33498,-0.615476,0.254844
-0.5988,-0.547413,0
-0.168288,0.797135,0.461539
1.19912,-1.02287,0.461539
0.418867,-0.897703,0
-0.773781,-0.787838,0
-0.855128,-0.281149,0.461539
-1.13844,-1.03846,0.309241
-1.38761,0.405186,0
0.991628,-1.03846,0.445001
0.310365,0.893891,0
0.586632,1.03374,0
-1.5,0.070377,0.354748
-1.46589,0.629944,0.0208209
-1.20085,0.419362,0.461539
0.0475988,-0.856872,0
0.660178,0.309645,0.0163583
-0.237586,1.03024,0.461539
1.49423,-0.353071,0.387774
-0.586748,0.394657,0.456411
0.846003,-0.677905,0
1.5,0.884988,0.285096
1.40986,0.0277521,0.461539
-0.684836,-0.152846,0.212167
-0.15083,-0.830743,0
0.630813,-0.306301,0.175094
-0.685199,-0.613752,0
1.38173,0.713449,0
-0.589045,-0.379891,0.288681
-0.529232,-0.460441,0.170577
-0.834852,0.0783278,0.461539
0.374774,1.0186,0.461539
0.405783,-0.571801,0.197996
0.736738,-0.106453,0.00654455
-1.5,-0.52815,0.32337
-0.160797,-1.03846,0.20274
-1.47526,-0.922162,0.0318078
-1.5,-0.345654,0.12627
0.082215,0.697072,0.295407
-1.0976,-0.236927,0
1.47602,0.117375,0.033495
1.35626,0.812033,0
1.06984,-0.783727,0.461539
0.941794,0.373794,0
1.45278,-0.934147,0.453831
-1.49885,0.899737,0.083999
0.545325,0.440174,0.155244
0.263073,-0.650064,0.1587
0.684399,1.03846,0.292395
-1.5,0.717479,0.34834
-1.3253,-1.03846,0.212299
1.48635,0.959775,0.0641957
1.49082,-0.972235,0.160941
-0.54656,0.980756,0.461539
1.20922,-0.452228,0
-0.882795,1.03846,0.336303
0.959555,1.03846,0.26402
-1.47143,0.1624,0.435178
-1.5,0.492203,0.143455
0.961297,-1.03846,0.0943537
-1.14112,0.574191,0
0.56018,1.03846,0.247093
-0.745309,0.359003,0
-1.38918,-0.465336,0
-1.5,-0.128747,0.230445
-1.0389,-1.03846,0.211829
-1.23566,0.0907144,0.461539
1.49122,0.0407234,0.394426
-0.688629,0.137442,0.248015
0.691695,0.12444,0.277189
-1.10468,0.440616,0.461539
0.84943,0.934321,0
-1.2479,0.184114,0.461539
1.5,0.93063,0.147992
-0.523686,-0.483182,0.0491457
-0.689257,0.204016,0.452832
1.48436,-0.373955,0.0519311
1.49873,-0.954741,0.301904
-0.872783,-1.03846,0.160923
-1.43993,-0.408619,0.461539
1.5,0.219431,0.226861
1.40087,1.03846,0.0610019
-1.18027,0.763539,0
-0.48339,0.909761,0.461539
-0.69557,0.0962276,0.326483
0.741727,-0.111325,0.461539
0.773505,0.556901,0.461539
0.197565,0.672958,0.32371
1.5,0.679399,0.214703
0.552736,-0.653454,0.461539
-1.15794,0.139606,0
0.651579,-0.259457,0.26337
-1.43375,1.03846,0.17103
0.520601,-0.863987,0.461539
-1.3942,0.574584,0.461539
-0.573781,0.403189,0.0902996
-0.883736,-0.922877,0
-0.840751,0.0237381,0
-0.781701,-0.695873,0
0.169664,-0.953246,0
0.742761,0.936534,0
0.644388,-1.03846,0.162611
-1.5,-0.603961,0.150824
-1.5,-0.616757,0.368326
1.02909,0.867919,0.461539
-1.25912,1.03846,0.458963
-0.633757,0.35622,0
1.2518,-0.169886,0
1.34524,0.15767,0.461539
-1.27229,0.882499,0.461539
-0.574043,-0.943008,0.461539
0.836209,-0.481945,0
-0.362571,-0.599551,0.10825
-0.539007,0.470666,0.423164
0.959369,0.74139,0
-1.19882,-0.220799,0
0.828125,0.0903428,0
1.4576,0.907401,0.449012
1.5,0.921382,0.366994
0.263387,1.03846,0.367371
-0.394618,-0.579533,0.362388
-1.34433,1.00687,0.461539
0.0775671,0.697523,0.145668
1.27141,0.745804,0.461539
-0.394587,1.03846,0.366529
0.387414,1.03846,0.376194
-1.22232,-1.03846,0.402171
1.35351,0.691651,0.461539
0.0826645,-0.841675,0.461539
-0.35086,-0.714695,0
0.840267,-0.351416,0
1.5,0.548771,0.231732
-1.08218,-1.03846,0.394642
-0.270386,0.646979,0.188911
-0.130049,0.703121,0.417999
-0.795332,0.930379,0
0.619502,0.592022,0.461539
-0.610744,0.343178,0.308591
1.1183,-0.39943,0
-0.00553632,-1.0206,0
1.40085,0.432292,0
1.5,0.614501,0.13153
0.969987,0.996876,0.461539
-0.321013,-0.811642,0.461539
1.48909,0.0341239,0.0624022
1.10207,0.28962,0.461539
1.12449,1.03846,0.203713
0.685539,0.503708,0.461539
0.404323,0.572915,0.180749
-0.567815,-1.03846,0.286382
-1.5,0.402636,0.156705
-1.5,-0.877105,0.159552
-0.981449,1.03846,0.377039
0.857691,-0.284854,0.461539
-0.499372,-0.555908,0
1.49404,-0.756298,0.388189
-0.966927,-0.42171,0
0.290415,1.03846,0.277449
0.691186,0.126766,0.366168
-0.935346,-0.302348,0
1.46896,0.696451,0.0238849
0.234981,-1.03846,0.127976
0.494103,0.771357,0.461539
0.609587,-0.884454,0.461539
0.55663,0.769218,0
0.513264,0.86991,0
0.918131,-0.738253,0
1.08406,1.03846,0.290028
-0.952692,-0.771721,0.461539
-0.672522,-0.625804,0.461539
-0.361523,-0.726877,0.461539
0.269163,-0.672861,0.0226943
-0.645094,-0.275031,0.0948424
-0.98125,0.801609,0.461539
-0.342541,-0.611112,0.197455
1.30293,-0.485296,0
0.45245,0.551215,0.0316584
0.261446,1.03846,0.11848
1.3289,0.352841,0.461539
-1.23964,0.274602,0.461539
-0.684629,0.415764,0.461539
1.09595,-0.128378,0
1.42412,0.755886,0.461539
-1.47833,0.530366,0.0385958
0.251942,0.654218,0.202477
1.14065,-0.710767,0.461539
-1.36162,-0.114072,0.461539
-0.379595,1.01522,0
0.654757,0.250405,0.299444
-1.49584,0.851094,0.384208
-0.120834,-1.03846,0.10223
0.665408,0.542323,0
-0.679205,1.03846,0.30475
-1.30829,-0.806001,0.461539
1.06658,0.476346,0.461539
-1.36667,-0.325399,0.461539
0.748017,1.03846,0.361735
0.345961,-1.03846,0.4374
0.965594,0.804127,0.461539
0.566933,0.593597,0
1.5,0.47189,0.142326
0.540203,-0.45499,0.392588
-0.700653,-0.347662,0
-1.17116,0.0381458,0
0.788703,0.644048,0.461539
1.32539,0.259167,0.461539
-1.29595,-0.689016,0.461539
-0.404656,-1.03846,0.0732489
-1.31986,0.672863,0.461539
1.30127,-1.03846,0.375362
-0.503609,-0.899901,0
0.101257,-0.7402,0.456704
-1.47421,-0.30717,0.029478
-0.124262,0.811324,0
1.32215,-0.91743,0.461539
0.858376,0.502159,0
0.716634,0.235373,0.461539
-1.37784,-0.105298,0
-0.525274,-1.03846,0.107503
1.5,-0.806653,0.259913
0.986529,1.03846,0.047312
1.5,0.778935,0.337949
-0.592164,-0.787959,0
-0.592602,-0.374385,0.093369
0.359997,-0.778544,0
1.5,0.853167,0.0930045
-0.784182,0.458877,0
-1.12973,0.865821,0.461539
1.5,-0.340945,0.159419
-1.09865,-0.96845,0.461539
0.710359,0.23017,0
-1.43896,0.253691,0
0.691998,-0.861245,0
0.98372,-0.923933,0.461539
-0.701981,-0.334783,0.461539
-0.855238,0.778405,0
1.37144,-0.0622075,0.461539
-1.21704,-0.445063,0.461539
1.45865,-1.02488,0.229968
-0.489,1.03846,0.0443884
-1.28091,-1.03846,0.123804
-1.49372,0.632711,0.388903
1.30747,0.00680763,0.461539
0.950796,-0.255888,0.461539
0.422551,0.844868,0
-1.06381,0.139488,0.461539
-1.30053,1.03846,0.0684851
0.453059,0.688975,0.461539
-0.792617,0.382233,0.461539
-0.529504,1.03846,0.220816
-1.09936,0.690205,0.461539
-1.33044,0.0854855,0.461539
-1.44895,-1.03458,0.381536
1.24354,0.128887,0
-1.05373,0.440216,0
-1.40359,-0.565297,0
-0.34444,0.610016,0.266297
-0.0722315,0.738434,0.013259
-0.881573,-0.83262,0
0.874176,-1.03846,0.229949
-1.37013,1.03846,0.315434
-0.246663,-0.840602,0
-1.5,-0.916828,0.344716
1.36452,1.03846,0.335344
0.454991,-0.53356,0.261322
0.8821,0.663532,0
-1.34503,-0.648184,0
1.19461,-0.037877,0
-0.192159,-0.674379,0.209082
-1.2427,-0.385362,0
1.24246,1.03846,0.145124
-1.48113,-0.539156,0.416753
1.13903,0.188211,0.461539
1.17733,0.069001,0
1.43011,-0.577989,0.461539
0.491324,-0.729282,0
0.857472,0.899277,0.461539
-1.24716,-0.492212,0
0.862598,-0.899322,0
-0.333004,-0.641061,0.453067
0.858131,0.798326,0.461539
1.02665,0.615424,0.461539
1.22035,0.257237,0.461539
0.553497,-0.453935,0.0237847
-0.288662,0.693377,0
-1.09579,-0.168492,0.461539
0.328777,-0.945977,0.461539
1.40625,-0.37433,0
1.24864,0.218206,0
-0.551491,-0.493204,0.457416
-0.742348,0.0368083,0.452291
-0.00660475,1.03192,0.461539
-0.947889,0.884608,0.461539
0.88431,0.0772051,0.461539
-0.958774,-1.03846,0.124525
-1.30967,0.762384,0.461539
-1.37988,-0.960977,0
-0.520909,0.470123,0.281783
-1.03507,1.02485,0
0.647273,0.973935,0.461539
-0.702252,-0.0209834,0.127451
-0.596294,0.835523,0
-0.963622,-0.683436,0.461539
1.35849,-1.03846,0.304697
-0.733482,-0.234534,0
0.618651,-0.344662,0.42309
-0.851408,0.725949,0.461539
0.683033,-0.459144,0.461539
-0.22621,0.673001,0.418816
0.124409,-1.03846,0.0618868
0.866193,-0.10888,0.461539
-1.20584,-0.67465,0.461539
0.596902,-0.371881,0.0645222
0.467109,1.03846,0.27444
0.627447,0.891135,0
1.5,0.370397,0.312797
0.447667,-0.600566,0.461539
1.07511,-0.95292,0.461539
1.5,0.143734,0.374226
-0.745305,1.03846,0.366203
-0.704481,0.117286,0.415904
-0.925181,0.622478,0.461539
-1.34927,-0.796202,0
0.767002,-1.03846,0.328836
1.37858,0.427608,0.461539
-0.736457,0.219076,0
-1.49508,0.480694,0.385885
0.627931,0.312059,0.101262
0.966466,0.282791,0
-1.05798,0.932923,0.461539
0.361283,0.605296,0.0591876
-0.789462,-1.03846,0.116051
0.798539,-0.778521,0
1.46274,1.00458,0.431073
1.49123,0.421614,0.394405
-0.418335,-0.873952,0
0.906076,-0.731978,0.461539
0.420892,-0.903889,0.461539
-0.0156936,0.702251,0.267536
1.20591,0.609782,0
-1.47029,-0.700123,0.436321
-0.568087,0.410651,0.187943
1.5,-0.213572,0.300547
0.389743,0.960419,0
-1.1995,0.724917,0.461539
-0.776208,0.806023,0.461539
0.680005,0.171008,0.19354
-0.0902048,0.696242,0.325484
-0.764814,0.56644,0
-1.2035,-0.129203,0
1.10035,-0.173032,0.461539
1.09857,-1.03846,0.460177
-1.31152,-0.396325,0.461539
-1.5,0.774673,0.0960484
-0.874239,0.829326,0.461539
0.591893,-0.480991,0.461539
0.0316675,0.738165,0.0141361
1.32821,-0.966569,0
-1.16106,-0.103154,0.461539
0.643483,0.278674,0.212588
0.79566,1.03846,0.186374
-1.25339,-0.641112,0
0.597518,-0.678147,0
-1.49143,-0.446542,0.393956
-0.620884,-1.03846,0.371245
0.7341,-0.384582,0.461539
1.19871,0.85794,0
-0.448244,-0.999267,0
1.5,-0.513723,0.211773
-0.997042,0.491242,0.461539
1.29121,-1.00067,0.461539
-1.5,-0.326685,0.278404
-0.834778,-0.446294,0
1.0666,-0.327343,0.461539
0.134645,0.755385,0
1.07817,1.03846,0.386918
1.25924,-0.462735,0.461539
-1.33636,0.4969,0.461539
0.856381,-1.03846,0.3214
0.29112,0.859677,0.461539
0.422037,-0.814267,0.461539
1.5,-0.157429,0.217823
-0.360005,0.601031,0.132486
1.31373,0.914367,0.461539
0.714587,-0.845273,0.461539
-0.0576024,-1.03846,0.387595
-0.551875,0.642688,0
-1.14876,0.228762,0.461539
-0.238791,0.65884,0.318778
1.43684,-0.75746,0
-1.29024,-0.148112,0
0.186229,-0.676046,0.110882
-1.046,-0.839574,0.461539
-0.00963489,1.03846,0.000851257
-0.416905,0.56877,0.0620026
0.654638,-0.263667,0.0731363
0.872332,-0.575052,0
0.0919233,0.949212,0
0.957732,0.615748,0
-0.1748,0.679004,0.141357
1.46105,0.833482,0.0159796
0.496387,1.03846,0.052762
1.5,0.234195,0.353373
1.48435,-0.203497,0.0519084
1.4549,0.48339,0.451713
-1.5,0.161891,0.103927
-1.39273,-0.278703,0
1.27652,-0.888526,0
0.875842,0.786946,0
-0.804786,0.905782,0.461539
-0.696958,1.03846,0.198315
-0.864136,-1.03846,0.414326
0.472399,0.518662,0.203664
1.12626,-0.569915,0
0.807406,-1.03846,0.131101
-1.48818,0.433182,0.0603898
-1.44187,-0.613705,0.461539
-1.18213,1.03846,0.314243
0.26821,0.949518,0.461539
-0.750299,-0.792439,0.461539
0.59247,-0.741823,0.461539
0.224857,1.03846,0.0325178
0.773392,0.927089,0.461539
-1.43197,-1.03846,0.107727
1.24404,-0.872074,0.461539
0.584605,0.469612,0
-0.454808,0.639748,0
1.17562,-1.02687,0
-1.05706,0.228075,0.461539
1.5,0.307203,0.245784
0.402043,-1.03846,0.254849
-0.420285,-0.879528,0.461539
0.660327,0.24852,0.394114
1.5,0.0945615,0.130333
-1.49832,0.388834,0.378707
-0.510874,-1.03846,0.369565
1.47657,-0.838403,0.42682
1.18653,-0.518327,0.461539
-0.945898,-0.289917,0.461539
1.28886,0.371205,0
1.47293,-1.00407,0.384912
-1.22045,-0.785646,0.461539
-1.41361,-1.03846,0.205863
0.627215,-0.585368,0
0.863307,0.233472,0
0.678055,1.00205,0
0.14439,1.03846,0.210435
1.41037,0.227769,0.461539
-0.20829,-1.03846,0.0874944
1.20803,1.03846,0.432356
-0.798608,-0.355162,0
1.32975,0.993043,0
-0.26507,0.902084,0.461539
1.38385,-1.03846,0.116747
-0.572878,-0.586367,0.461539
0.977063,1.03846,0.353436
-1.20904,0.9529,0.461539
-1.47397,-0.650663,0.0289511
-0.973636,0.0963391,0.461539
0.553334,0.429985,0.247856
-0.258315,0.806062,0.461539
-0.430792,0.552716,0.160207
0.156982,1.03846,0.115528
-0.33164,-0.964392,0.461539
1.43635,-0.764066,0.461539
0.35463,1.03846,0.149714
-1.17699,0.489912,0
0.945834,0.443758,0.461539
-0.0165636,-0.956908,0.461539
0.613145,1.03846,0.124915
-1.33362,-0.373848,0
-0.387041,0.700192,0
-0.720785,-1.03846,0.351357
1.37171,0.588964,0
-0.417655,0.593938,0.461539
-1.5,0.493853,0.24231
-0.128631,1.03846,0.374268
-0.452274,0.960812,0
0.749028,-0.933604,0
-1.495,-0.772574,0.38607
0.23815,1.03846,0.461069
-0.666446,0.268605,0.032919
-1.5,0.313343,0.0945501
-0.185542,0.708737,0
-0.71993,-0.159588,0.461539
0.805828,0.391742,0
-0.702252,-0.0142809,0.334415
1.10554,-1.03846,0.34511
0.610475,-0.582325,0.461539
-1.5,0.265214,0.205576
-0.685636,-0.150489,0.372949
-1.1198,-1.03846,0.131046
0.593088,0.373633,0.191013
0.716212,0.39996,0
-0.0940178,-0.903667,0
1.45271,0.313697,0.453903
0.510383,-0.480787,0.215862
0.659703,-0.325409,0.00698283
-1.091,0.759202,0
0.641729,0.331163,0.442827
0.969161,-0.657126,0.461539
-1.08459,-0.328014,0.461539
-1.5,0.833946,0.167979
1.5,0.783694,0.246358
1.12626,-0.862758,0
-0.860119,0.591632,0
1.32891,0.897203,0
-0.422624,1.03846,0.260631
0.960734,-0.0548636,0
0.0583543,-0.699387,0.289794
1.49455,-0.927823,0.0744901
0.682634,-0.275532,0.456018
-0.390332,0.880399,0
-0.889199,-0.690426,0
1.21059,-0.285381,0.461539
0.5409,-1.03846,0.188747
1.06186,0.98796,0.461539
-0.160235,-0.686054,0.395259
0.531668,0.963347,0
0.0845947,1.03846,0.291735
-0.23864,-1.03846,0.354363