-0.117008,-0.321309,0.0767966
-0.258502,0.237649,0.634207
0.308875,0.27947,0.0767966
-0.353303,-0.196303,0.505368
0.128596,-0.434902,0.394415
-0.160316,-0.499397,0.0808119
0.0427487,0.263947,0.808311
-0.371165,0.448037,0.175959
0.144711,0.295684,0.684382
0.211328,0.236732,0.704279
-0.0692444,-0.441204,0.407602
0.331394,0.125605,0.617747
0.439731,-0.213765,0.333648
0.423977,0.314029,0.278955
-0.388159,0.164064,0.488977
-0.0445094,0.216353,0.0767966
-0.0416439,-0.214506,0.863342
0.258004,-0.520285,0.138231
-0.461485,0.377036,0.142962
-0.0104658,-0.508609,0.0790247
0.212139,0.344375,0.532953
0.184534,0.293096,0.0767966
0.582642,0.0156338,0.155577
0.47233,-0.245297,0.247232
-0.0314652,0.119073,0.0767966
-0.425278,-0.124014,0.0767966
-0.440259,-0.113098,0.407292
-0.0990828,0.421538,0.476564
-0.204751,0.183858,0.785525
0.126916,-0.509882,0.251348
0.377375,-0.284119,0.362587
0.0185144,-0.0366046,1.19057
0.309274,0.0287045,0.0767966
-0.286975,-0.516223,0.112289
0.228749,-0.176858,0.731176
0.354663,0.328554,0.369022
-0.321684,0.264887,0.0767966
0.0382958,0.422694,0.0767966
-0.45731,-0.0019461,0.0767966
-0.344516,0.430265,0.237366
0.366373,-0.24865,0.0767966
-0.104936,-0.287325,0.694011
-0.445626,0.0326011,0.431521
0.194867,0.567605,0.112419
0.310509,-0.391615,0.306162
-0.266266,0.464699,0.271545
0.170504,0.565992,0.160046
-0.341885,0.406823,0.277606
-0.195762,0.0208028,0.931437
-0.47111,0.09101,0.368391
0.412851,0.293106,0.319683
-0.122962,0.388567,0.0767966
0.10264,-0.118996,0.991862
-0.0844692,-0.402555,0.479127
-0.382875,-0.119289,0.513326
-0.31347,0.145378,0.641429
0.131077,0.149845,0.0767966
0.486188,-0.174589,0.0772859
0.000315099,-0.489975,0.321221
0.449528,0.263826,0.290112
0.0889227,-0.523913,0.0826747
-0.269528,-0.0305773,0.0767966
0.469426,-0.113957,0.0767966
-0.0726684,-0.00286545,0.0767966
0.187351,-0.516846,0.202359
0.219637,-0.0508195,0.861724
-0.0480338,-0.54141,0.214303
-0.340463,0.136252,0.0767966
-0.47045,-0.357216,0.106593
0.156993,0.420437,0.444305
0.492448,0.279669,0.086704
0.436197,0.0024524,0.447986
-0.0596304,-0.582721,0.129791
-0.371227,-0.367047,0.263894
-0.583183,-0.100784,0.102324
-0.48411,0.172704,0.302216
0.236392,-0.105111,0.79575
-0.13545,-0.465489,0.333921
-0.431267,0.18338,0.394396
0.265145,-0.317354,0.478892
0.530356,0.0211636,0.260351
0.382672,-0.380986,0.0824572
0.324055,0.0422239,0.669103
0.342157,0.36236,0.340838
-0.315843,-0.139881,0.0767966
-0.189148,-0.545078,0.138812
0.577576,0.0775561,0.158364
-0.13318,0.549144,0.213795
0.50356,-0.0533783,0.305161
-0.0891789,0.202728,0.898269
-0.27346,-0.27028,0.0767966
0.147445,0.155239,0.907035
0.199331,0.0999955,0.883072
-0.292158,-0.2179,0.581876
-0.088454,-0.208401,0.850309
0.363617,0.47694,0.108211
-0.0702575,0.0825505,0.0767966
0.460119,0.0630439,0.394013
-0.425772,0.00635996,0.472419
-0.038978,-0.23118,0.0767966
0.0549216,0.236195,0.85709
-0.26351,-0.0807954,0.764694
-0.167842,0.165286,0.869767
0.0315519,-0.48208,0.0767966
-0.118662,0.53232,0.0794348
0.205008,0.470634,0.314755
-0.196718,-0.285266,0.612788
0.360813,0.24915,0.457133
-0.568404,-0.143427,0.115494
-0.135214,-0.0361741,1.03443
-0.0141244,0.464218,0.415618
-0.068323,0.189266,0.937637
0.384614,-0.307808,0.322642
-0.26795,-0.36329,0.403003
-0.0860193,0.356358,0.0767966
0.0868506,-0.252681,0.0767966
-0.492942,-0.182983,0.262799
-0.324573,-0.128401,0.616914
-0.44746,0.33348,0.220362
-0.165558,0.0988778,0.948466
-0.311481,-0.243726,0.519819
0.0651728,-0.566946,0.159756
-0.378487,0.320311,0.346619
0.350162,0.251586,0.0767966
0.13221,-0.0160456,0.0767966
0.550798,0.0726314,0.212626
-0.300914,0.487758,0.194136
-0.132485,0.0796511,1.02123
0.409076,-0.068511,0.487314
0.435712,0.0699518,0.0767966
0.119586,-0.160831,0.902224
-0.0476914,-0.38533,0.524699
0.318593,-0.338578,0.0767966
-0.214511,-0.366845,0.454774
0.0454617,-0.266698,0.0767966
0.528344,0.191988,0.20465
0.335147,-0.292139,0.0767966
-0.318311,-0.485926,0.142277
-0.544011,0.238387,0.127917
0.0826422,-0.516991,0.254477
0.388232,0.29862,0.356972
-0.391691,-0.205078,0.430243
0.218105,-0.399406,0.394097
0.171309,-0.12023,0.891523
0.201913,0.387894,0.467362
-0.189913,0.0809913,0.917319
-0.21251,0.423495,0.394694
0.0659764,-0.354833,0.579902
0.560584,-0.0551977,0.0875332
0.173505,-0.219299,0.746871
-0.178474,0.0104465,0.0767966
-0.235898,0.11463,0.0767966
-0.0166488,0.461811,0.0767966
0.275773,-0.315775,0.0767966
0.381448,-0.365121,0.249851
-0.536467,0.119026,0.229102
0.110687,0.317811,0.0767966
-0.456551,-0.0629225,0.398547
0.358036,0.0588226,0.597003
-0.257005,0.110176,0.770669
0.191599,-0.177696,0.0767966
-0.114523,0.0323385,1.08872
-0.244932,0.162083,0.7475
0.189669,0.26758,0.681791
0.238303,-0.457979,0.0783474
0.00223504,0.502628,0.0770067
-0.0250176,-0.0399863,1.19132
-0.0453101,0.566289,0.208044
0.0401367,-0.181908,0.928414
0.130259,0.193263,0.0767966
0.289497,0.326893,0.463269
-0.492196,0.325201,0.105243
-0.286229,-0.386626,0.343863
-0.0066903,0.440445,0.463149
-0.0917342,-0.107031,0.0767966
0.560274,-0.101148,0.17787
0.52234,-0.131157,0.0835549
-0.227203,-0.433092,0.0768713
-0.0122514,-0.187968,0.0767966
-0.335378,-0.174536,0.555128
0.139556,-0.222404,0.77851
-0.184862,0.38595,0.486701
-0.474729,-0.303555,0.0937742
0.300401,-0.112428,0.0767966
-0.330932,0.0923685,0.641628
0.112176,0.320013,0.662107
0.113458,0.155051,0.949884
0.0711474,0.197778,0.919453
-0.074353,-0.147161,0.0767966
-0.557088,0.0936981,0.197815
-0.394829,0.104689,0.510844
0.00416774,-0.124471,1.04519
0.505144,0.205828,0.0827429
-0.126381,-0.134215,0.937868
0.0101065,-0.0634587,0.0767966
0.257432,-0.458354,0.252064
-0.250592,0.19197,0.705481
0.35644,-0.198935,0.495342
0.0962133,-0.427389,0.424459
0.1268,0.336301,0.622277
0.226665,0.0504047,0.0767966
-0.106235,-0.108561,0.999924
-0.215934,-0.255884,0.0767966
-0.114487,0.172725,0.930344
0.13306,-0.481345,0.302791
0.266329,0.528733,0.157055
0.0883173,0.290651,0.737417
-0.178653,0.543607,0.197886
-0.575884,0.106349,0.155884
-0.0353307,-0.322933,0.0767966
0.23201,-0.352018,0.463965
-0.149541,-0.166323,0.0767966
-0.174563,-0.353758,0.0767966
-0.195668,-0.305817,0.0767966
0.576973,-0.101206,0.0999354
0.326346,0.394386,0.314699
-0.385865,-0.090618,0.0767966
-0.232146,0.134698,0.79887
-0.258466,-0.346215,0.44278
0.171432,-0.498791,0.245836
-0.117437,-0.16154,0.902798
0.277993,-0.122277,0.706269
-0.0124712,0.3678,0.0767966
0.105471,0.489949,0.34006
-0.177649,0.451051,0.0767966
-0.217438,0.200262,0.747194
-0.0963519,-0.349168,0.578449
-0.157053,-0.477275,0.297135
-0.522686,0.0735238,0.271339
-0.511991,-0.247937,0.0937387
-0.0442119,0.0833388,1.14542
-0.310161,0.422697,0.0772192
-0.170072,0.314063,0.626857
-0.580901,0.161767,0.119689
0.104222,-0.284125,0.699726
-0.264318,-0.294948,0.516426
0.165232,-0.339374,0.547314
-0.201388,-0.511125,0.204727
0.562383,0.193535,0.123648
0.537088,-0.107397,0.220303
0.0839399,-0.537511,0.213773
0.0157541,0.319808,0.0767966
0.116329,0.403572,0.0767966
-0.136281,-0.0667369,1.00344
-0.551793,0.145253,0.188678
-0.0838096,0.188522,0.0767966
0.209181,-0.215452,0.705578
-0.545439,-0.121676,0.199898
0.388559,-0.191886,0.0767966
0.182421,0.221393,0.763703
0.146842,0.262171,0.739845
0.259173,0.139574,0.742535
0.192881,-0.0573504,0.908191
0.255701,-0.497504,0.0920966
-0.254205,0.448364,0.310865
0.207644,-0.165444,0.774808
-0.0840544,0.281158,0.758273
-0.241198,0.339204,0.510785
-0.34195,0.363868,0.342027
0.277768,0.428938,0.316931
-0.253595,0.523168,0.180251
0.0584541,-0.485363,0.322632
0.354646,0.28584,0.42317
0.392606,0.443875,0.12586
0.192117,0.169139,0.823155
0.307977,0.077089,0.0767966
-0.168474,0.233677,0.0767966
0.328281,0.496812,0.127215
-0.0683507,-0.0681399,1.11435
-0.0866435,0.0259464,1.14157
0.31262,-0.216114,0.548041
0.39504,0.334175,0.0812171
0.270552,0.386045,0.396356
-0.168617,-0.21098,0.764074
-0.193464,0.376032,0.0767966
0.269204,-0.0344871,0.775095
0.245273,0.350167,0.484743
0.044549,-0.431914,0.432589
-0.408888,0.314462,0.305895
-0.100537,-0.361851,0.0767966
0.206715,-0.298073,0.578252
0.149686,0.467988,0.36074
0.278683,-0.480595,0.191987
-0.535988,0.024143,0.0792971
0.312537,-0.437392,0.0807192
-0.491649,-0.228977,0.228581
0.465646,0.36279,0.154422
-0.192423,-0.260577,0.656951
0.0593207,0.343299,0.647253
0.382276,0.20814,0.461842
0.557157,0.105561,0.0886376
0.182337,0.237708,0.0767966
-0.56271,-0.0182588,0.197674
-0.0402436,0.522323,0.077337
0.129395,-0.376224,0.0767966
-0.0834582,-0.556581,0.176794
0.359301,-0.00486531,0.601509
0.482167,0.336946,0.098196
-0.0147971,-0.435465,0.430275
-0.15278,0.571678,0.0959436
0.340096,0.373665,0.0768454
0.416523,0.000323027,0.487255
-0.427021,0.128363,0.0767966
-0.0825037,-0.18725,0.893581
0.233032,0.149268,0.0767966
0.27057,0.0515558,0.0767966
0.228597,0.412208,0.0767966
-0.236589,0.00466307,0.0767966
0.339268,-0.101161,0.607814
-0.543561,-0.166847,0.179048
-0.192614,-0.488078,0.252675
0.0973088,0.403636,0.513062
0.00885302,0.0573381,0.0767966
-0.434234,0.117644,0.428253
0.365948,0.293844,0.0767966
-0.0455805,-0.364825,0.5658
0.110755,0.467564,0.380787
0.219794,-0.525844,0.164359
-0.0142915,-0.583269,0.134668
0.0805735,-0.159841,0.943403
-0.154795,-0.53341,0.19151
-0.513052,0.163349,0.253553
0.473086,-0.256757,0.0823376
0.493529,0.129081,0.305452
-0.127305,0.195981,0.872934
0.303601,0.17103,0.0767966
-0.310492,0.0645278,0.69185
-0.0817415,0.267253,0.0767966
0.531604,0.27009,0.105502
0.0837926,-0.404019,0.475985
-0.0925358,-0.47916,0.325559
-0.145873,0.26956,0.72989
0.354529,0.0473875,0.0767966
-0.0340766,0.402298,0.538183
-0.0358279,0.417426,0.0767966
0.0362844,-0.12796,0.0767966
0.152732,0.489909,0.316246
0.168733,0.167519,0.863945
-0.055214,0.27018,0.790929
0.513557,-0.0851012,0.0792238
-0.176089,0.345517,0.568096
0.235111,-0.260314,0.603261
-0.228391,0.494748,0.0793982
0.0760789,0.539138,0.0786279
-0.258277,0.402673,0.0767966
0.0974258,-0.455928,0.369312
-0.349971,0.272594,0.449465
-0.396151,-0.298019,0.0777162
0.078215,0.430786,0.467244
0.348341,0.399579,0.277215
0.0315133,0.540897,0.0777196
-0.348037,0.305288,0.0767966
-0.0551294,0.433849,0.468255
0.389283,0.0740705,0.0767966
0.237528,0.231501,0.667922
0.23617,-0.0659779,0.824572
0.166298,0.350082,0.566529
-0.418598,0.0686624,0.477364
-0.0508548,-0.257166,0.77612
0.0686362,0.0294055,1.17238
0.120874,0.572708,0.174605
0.110722,0.574374,0.0930428
-0.0304746,0.318281,0.0767966
-0.00686286,-0.53456,0.232065
0.32391,0.315568,0.431267
-0.289932,0.471965,0.235294
0.307467,0.494391,0.174989
0.436433,0.346796,0.0854117
-0.520341,0.0662635,0.078652
-0.457079,0.13461,0.376899
-0.240571,-0.302056,0.0767966
0.25091,-0.225458,0.631908
-0.546435,-0.0820746,0.0822068
0.26005,-0.293582,0.520693
0.193784,-0.0114019,0.927682
-0.217058,0.258998,0.0767966
0.281961,0.172835,0.66733
0.140826,-0.53444,0.197046
0.394872,0.0113117,0.530959
-0.0898709,0.152448,0.985658
0.108162,-0.202333,0.841432
0.418172,0.365921,0.22442
-0.174762,0.282337,0.0767966
-0.323316,-0.474576,0.0989268
-0.129333,-0.436003,0.0767966
-0.449835,-0.289226,0.24402
-0.230554,-0.383672,0.0767966
-0.338436,-0.256339,0.0767966
-0.314891,-0.188712,0.0767966
-0.00923272,-0.233165,0.833039
-0.149671,-0.267027,0.692003
0.160745,0.0909962,0.0767966
0.110202,0.265043,0.765401
-0.464232,-0.0202201,0.395131
0.50161,0.254319,0.206755
0.316944,-0.0706641,0.0767966
-0.114862,-0.492818,0.28935
-0.340997,0.31444,0.410672
-0.398555,-0.418617,0.149775
0.0899955,-0.406489,0.0767966
-0.365942,-0.213737,0.465834
-0.0819992,-0.246671,0.0767966
-0.453468,0.221598,0.323532
0.547309,-0.191283,0.110745
-0.0450197,0.378911,0.580674
-0.171033,0.477914,0.328046
0.0264974,0.126313,1.08316
0.296829,-0.435058,0.249902
0.310738,0.444304,0.255009
0.496437,0.144878,0.0780187
-0.417626,0.157402,0.440061
-0.4657,-0.12219,0.355703
-0.0371107,0.168777,0.0767966
0.298485,-0.277302,0.49329
0.0098131,-0.393503,0.514155
-0.222585,-0.498037,0.0856674
0.0519397,-0.459629,0.375628
0.496612,-0.15903,0.27098
-0.196999,0.558675,0.158538
0.0658949,0.318231,0.0767966
0.0107651,0.0464019,1.22843
0.163439,-0.0319294,0.981893
0.0127624,-0.295771,0.0767966
-0.536059,0.00568614,0.251822
0.00741762,0.146325,1.0431
0.230782,-0.372766,0.425774
-0.41468,0.259064,0.0767966
0.564811,0.0340069,0.190885
0.0552319,0.471283,0.0767966
-0.248295,-0.064565,0.802954
0.0568001,-0.0555456,1.14877
0.30805,0.112658,0.670875
-0.287428,0.29712,0.514729
-0.384394,0.0593489,0.546949
-0.13653,-0.03701,0.0767966
0.115446,0.0730689,1.05665
0.0714724,0.594154,0.125664
-0.519896,-0.171611,0.222313
-0.0731269,0.139177,0.0767966
-0.0657828,-0.121033,1.02848
-0.117751,0.25697,0.774505
0.208081,0.323329,0.570687
0.417072,0.257195,0.353097
-0.055629,-0.236621,0.816286
-0.105971,0.293024,0.72199
0.480566,-0.0967827,0.335648
-0.253899,0.0703156,0.800701
0.267877,0.296129,0.0767966
-0.421952,0.33366,0.078662
-0.231749,0.288451,0.601542
0.375522,-0.436634,0.153726
-0.463913,0.264879,0.0788492
0.079456,0.152169,0.0767966
-0.219459,0.0446091,0.877034
-0.292162,0.0448668,0.735665
-0.0112028,0.297148,0.749389
0.117799,-0.363315,0.536023
0.0138977,-0.451336,0.398479
0.474939,-0.0238531,0.369541
-0.165646,-0.0819,0.943342
0.265444,-0.371648,0.390387
-0.535048,-0.12574,0.0887563
-0.306177,0.111335,0.677322
0.351672,-0.266053,0.426843
-0.28019,-0.253345,0.551321
0.336605,-0.153584,0.572892
-0.375786,-0.0894206,0.546741
-0.263913,-0.343238,0.0767966
-0.165293,-0.227438,0.0767966
0.301878,-0.378553,0.0767966
0.417002,0.250749,0.0767966
-0.285722,-0.433513,0.265572
-0.093333,-0.244304,0.779891
-0.469984,0.366581,0.101811
0.1787,-0.392134,0.441319
-0.00329971,-0.178862,0.939505
-0.0970808,-0.421586,0.436015
-0.0196176,0.0188494,1.2527
0.215524,-0.368845,0.0767966
-0.375847,-0.0098633,0.571695
0.275546,0.45412,0.279716
-0.0211085,0.322677,0.698555
0.426983,-0.117346,0.428308
0.45438,-0.333581,0.181809
-0.488866,-0.0214264,0.345251
0.0308525,-0.29477,0.710883
0.389014,0.391943,0.0852653
-0.0613229,-0.00633108,1.19772
0.404661,-0.162133,0.442426
0.441668,-0.268866,0.27593
-0.212579,-0.410657,0.379028
-0.524706,-0.275318,0.126441
-0.290542,0.0975295,0.717915
0.167686,0.318213,0.619531
0.387446,0.396694,0.229287
-0.490909,0.226945,0.249454
-0.486996,0.0335871,0.0767966
0.0641445,0.567609,0.201086
-0.273411,0.331245,0.481568
0.491744,0.22917,0.244439
-0.295644,0.13191,0.0767966
0.198729,-0.0811787,0.0767966
-0.337259,-0.0359894,0.644671
0.161428,0.0416853,0.987047
0.0377025,0.000507294,1.20402
0.462969,-0.0834597,0.376237
-0.0440994,-0.0974259,1.08091
-0.305592,0.515107,0.10152
0.40068,-0.0345899,0.515823
0.361611,0.437447,0.202228
-0.203631,0.315222,0.0767966
-0.51355,0.123347,0.272365
0.556955,-0.162116,0.154089
-0.508863,-0.00895284,0.306497
-0.0335941,0.155459,1.02327
-0.170404,-0.134272,0.875478
0.259881,0.365523,0.441942
0.0489612,0.414669,0.508263
0.440507,0.221928,0.342825
-0.509099,-0.0110842,0.0779127
0.268352,-0.142136,0.0767966
-0.0927605,-0.45998,0.0767966
0.339541,-0.0608135,0.627158
0.0208035,-0.0130793,0.0767966
-0.19824,-0.394648,0.422534
-0.320242,-0.341504,0.371843
0.280353,0.100692,0.731146
0.284928,0.517866,0.0982301
0.508736,-0.25278,0.175885
-0.490215,-0.272087,0.191856
0.0214012,-0.56896,0.163216
-0.458187,-0.210319,0.306853
0.235784,0.259926,0.634059
-0.113405,0.312818,0.677086
-0.163032,0.408886,0.0767966
-0.0364622,0.0377833,0.0767966
-0.186238,0.51247,0.252244
0.360934,0.431997,0.0880937
0.23838,0.445728,0.328932
-0.414689,-0.128618,0.44889
0.413189,-0.331114,0.249106
-0.244994,-0.280504,0.560089
0.028735,0.235491,0.0767966
0.00322131,-0.148376,0.998639
0.00168618,0.169146,1.00021
-0.366185,-0.291989,0.373159
-0.471839,0.141937,0.0767966
-0.541682,0.16555,0.0881113
0.212774,-0.322985,0.530539
-0.176068,-0.433681,0.0768222
0.448334,-0.0434925,0.417911
0.186474,-0.232848,0.0767966
-0.357972,-0.176899,0.0767966
-0.395048,-0.169819,0.455905
-0.0932422,0.313345,0.0767966
0.259533,-0.0486739,0.0767966
0.164207,-0.543876,0.0959294
-0.0729457,0.408556,0.514789
0.0566288,-0.220588,0.0767966
-0.51778,-0.21107,0.196378
-0.136174,-0.102353,0.967979
-0.238109,-0.211078,0.0767966
0.106972,-0.0244042,1.09047
0.0611553,-0.137273,0.995723
-0.15806,0.181343,0.0767966
0.117131,0.241296,0.803106
0.123982,0.268167,0.0767966
-0.292585,0.193148,0.634678
-0.113581,-0.034415,1.07475
0.00495063,0.0780834,1.16905
-0.13866,-0.516499,0.233939
-0.587827,0.00721101,0.147798
-0.236901,0.548245,0.140406
0.135234,-0.0400454,1.02766
-0.549708,0.0545823,0.220316
0.224515,-0.317693,0.0767966
-0.37806,0.3469,0.311579
-0.180251,0.0912704,0.0767966
-0.31424,-0.01973,0.0767966
0.043891,0.288943,0.759847
0.428164,-0.158178,0.400186
0.471526,-0.0305327,0.0767966
-0.458137,0.0641378,0.400736
-0.2354,-0.261099,0.603406
-0.114985,-0.260287,0.732381
0.186566,0.128107,0.0767966
-0.247982,-0.407025,0.352341
0.492668,0.175548,0.281053
0.229409,-0.216525,0.0767966
0.334194,0.189142,0.563837
0.576982,-0.12897,0.134635
-0.276688,-0.414264,0.30971
0.42111,-0.406008,0.135669
0.471497,0.0999564,0.0767966
0.383946,0.334986,0.316466
0.139102,0.378859,0.533963
-0.11267,0.118112,1.01283
-0.296088,-0.402513,0.0781277
-0.587563,-0.0674482,0.129554
-0.588255,0.0780537,0.112931
-0.44392,0.260895,0.305069
-0.0682324,-0.154164,0.961667
0.465101,0.183052,0.0768724
0.250953,-0.134302,0.741659
0.24243,0.228425,0.0767966
-0.165464,-0.351824,0.526811
-0.521171,0.288681,0.101694
0.532841,0.171833,0.0898358
-0.172044,0.518261,0.0796718
0.43183,0.394462,0.166745
-0.0261061,-0.568973,0.0947951
0.0492316,-0.441137,0.0767966
0.128034,-0.381564,0.495717
-0.397886,0.206743,0.0767966
-0.27263,-0.162204,0.0767966
0.280288,0.266486,0.563143
-0.196596,0.55537,0.0958372
-0.540226,-0.213406,0.153884
0.0303665,0.151807,0.0767966
0.106288,-0.553712,0.173323
0.404813,0.114256,0.484075
0.241631,-0.439852,0.298928
-0.351871,-0.335066,0.338538
-0.041556,-0.475495,0.347049
0.143554,-0.0711893,0.986074
0.463394,0.291118,0.239098
-0.0932747,-0.532982,0.0853168
-0.233303,-0.134591,0.0767966
-0.268471,-0.011288,0.784445
-0.397771,0.434859,0.120652
-0.303626,0.440998,0.269904
-0.413482,0.112028,0.471903
-0.202364,0.157392,0.821811
0.511973,0.289525,0.154791
0.208231,-0.425391,0.0767966
0.255734,0.104046,0.0767966
0.169052,-0.462588,0.3178
-0.359628,0.407966,0.08107
0.58933,0.0443537,0.10451
0.0746468,-0.375044,0.535106
0.0973757,0.221393,0.0767966
-0.278227,0.533133,0.133782
0.154814,-0.467025,0.0767966
0.262501,-0.266829,0.557053
-0.0254234,-0.0675866,1.15358
-0.317728,0.399856,0.318874
0.15474,-0.337454,0.0767966
0.392501,0.0668866,0.526624
-0.509006,0.238948,0.208804
0.255986,0.186037,0.0767966
0.427825,-0.0742372,0.448331
0.315062,0.00378502,0.689949
-0.172474,-0.541459,0.0959731
-0.252788,0.171595,0.0767966
-0.548044,-0.0385186,0.0806111
0.556735,-0.0490663,0.200645
-0.358372,-0.011007,0.0767966
-0.0130491,0.219322,0.902249
-0.339312,0.195831,0.55141
-0.575763,0.119796,0.0982651
0.081898,-0.00375572,0.0767966
-0.0284466,0.115626,1.10207
0.22788,0.396831,0.423846
-0.332827,0.463755,0.0894377
-0.419302,0.0824298,0.0767966
-0.0736567,-0.328187,0.628549
0.330774,-0.442796,0.198656
-0.2782,0.0267079,0.0767966
0.451408,0.330997,0.215013
-0.229661,0.31572,0.559054
-0.19012,0.409873,0.44092
-0.38741,0.0262009,0.0767966
-0.0628184,0.586387,0.16453
0.548833,0.000998141,0.22266
-0.161796,-0.0148353,0.995877
-0.373668,0.295573,0.383616
-0.0655105,0.116254,1.074
-0.49593,-0.0884528,0.312194
0.30836,0.278472,0.505758
-0.290708,-0.0205434,0.740581
0.572799,0.150685,0.102731
0.0443683,-0.584127,0.120961
0.0225442,0.313679,0.716258
-0.317795,-0.382057,0.313765
-0.397148,-0.0696488,0.513542
0.42125,0.20605,0.0767966
0.191173,0.448546,0.366913
0.0287897,0.5573,0.229357
0.413505,0.147509,0.451815
-0.193434,-0.177531,0.0767966
0.412529,-0.301225,0.0777964
0.163134,0.355736,0.0767966
-0.207184,0.481418,0.294301
0.159462,0.119772,0.934218
0.0036078,-0.247357,0.0767966
0.0824599,-0.262118,0.752337
-0.493278,0.287882,0.191047
-0.326849,0.0246389,0.0767966
0.225079,0.269342,0.0767966
-0.426153,-0.0760193,0.45333
-0.56904,0.0298622,0.185801
-0.0642713,0.453289,0.0767966
0.248682,-0.403952,0.355032
-0.363267,-0.133755,0.0767966
-0.00756443,-0.28141,0.738106
-0.39234,-0.250883,0.0767966
0.423779,0.416482,0.101308
0.306011,-0.116828,0.65781
0.0584721,-0.176365,0.0767966
0.143298,0.437901,0.0767966
0.0366228,0.372274,0.0767966
0.18809,-0.543107,0.137444
-0.39297,-0.204274,0.0767966
-0.198615,0.316392,0.593735
-0.470762,-0.157743,0.324348
-0.0968944,0.569612,0.0889174
-0.165263,-0.432869,0.375163
-0.070845,0.228044,0.866844
0.189935,0.527094,0.222069
-0.160745,0.371386,0.532491
-0.436146,-0.380584,0.142994
-0.417191,-0.264668,0.323691
0.361826,-0.101549,0.563312
0.0709487,0.177653,0.96001
0.529942,0.231534,0.175153
-0.124495,-0.366828,0.526861
0.376162,0.213714,0.0767966
0.325716,0.462869,0.207054
0.161794,-0.420554,0.0767966
-0.493087,0.103272,0.0770073
0.31247,0.231625,0.555395
0.366142,-0.058265,0.0767966
0.252705,0.496196,0.227069
0.239095,-0.210235,0.670638
0.500498,-0.221191,0.216923
-0.283579,-0.169274,0.651738
-0.277548,0.139772,0.711942
0.416314,0.0721794,0.478461
0.134948,0.532116,0.245123
0.146827,0.198893,0.843094
0.170169,-0.420262,0.396736
0.114911,0.508466,0.299811
-0.475336,0.0156762,0.373619
0.195378,-0.140501,0.826252
0.303688,-0.082247,0.687138
0.000288457,0.596568,0.150882
-0.145056,-0.561061,0.135848
-0.332724,-0.398075,0.269289
-0.145433,-0.32767,0.586136
0.170523,-0.067281,0.945333
0.259496,0.414221,0.362485
0.462577,0.16939,0.344908
0.175604,0.37831,0.506002
-0.409655,0.261461,0.36441
-0.469107,-0.333431,0.159564
0.409453,-0.25566,0.0767966
0.0377643,-0.355432,0.0767966
-0.481937,0.203221,0.076835
0.276418,0.233189,0.609397
-0.275523,0.419234,0.338163
-0.360808,-0.249051,0.43461
0.079653,-0.128543,0.0767966
0.00430432,0.388632,0.566751
-0.359103,-0.419689,0.202434
0.160956,0.214181,0.802217
0.230095,0.482235,0.271517
-0.049037,0.496846,0.344893
-0.312681,-0.177263,0.593828
0.174574,-0.297672,0.0767966
0.0663669,0.513602,0.307125
0.0696897,0.376307,0.577443
0.464138,-0.210827,0.293197
-0.400586,-0.048285,0.0767966
-0.0906897,-0.0709508,1.07119
0.334187,-0.395583,0.270187
-0.536992,0.107249,0.0812846
-0.126174,-0.399441,0.465774
0.476364,0.0224261,0.0767966
0.507126,0.0198246,0.306761
0.0043218,0.237576,0.866319
-0.46645,-0.235225,0.267828
-0.0413436,-0.412097,0.473306
-0.145822,0.341296,0.600644
0.100937,-0.210588,0.0767966
0.412482,-0.20866,0.387816
0.485158,-0.290612,0.178611
-0.0122034,0.513743,0.316565
-0.429698,0.388766,0.178587
0.086169,-0.00611029,1.12883
-0.127298,0.219692,0.0767966
-0.113044,0.0990483,0.0767966
-0.13469,0.265594,0.0767966
0.397177,0.421068,0.179938
0.006498,-0.426157,0.0767966
0.361941,-0.158789,0.520978
0.322086,0.468848,0.088976
-0.142481,0.396078,0.501814
0.111388,-0.315896,0.0767966
0.0402223,-0.410058,0.477477
0.417941,-0.153964,0.0767966
-0.0150203,-0.347538,0.606134
0.225957,0.527455,0.194045
-0.216075,-0.187976,0.735861
0.399461,-0.127291,0.476195
-0.206013,-0.228239,0.693595
-0.175027,0.221639,0.775404
-0.304656,-0.302644,0.450371
0.135126,-0.237985,0.0767966
-0.235291,0.445186,0.0767966
-0.522471,-0.108173,0.251069
0.135949,-0.458843,0.345578
0.111328,0.553149,0.21472
-0.152071,-0.395026,0.0767966
0.0166189,-0.260638,0.778803
0.181478,0.0142207,0.0767966
0.21463,0.344257,0.0767966
0.122888,0.413864,0.478113
0.173664,-0.191686,0.788274
0.510386,-0.117776,0.267384
0.293931,0.0519854,0.72585
-0.542466,0.18991,0.181186
0.25906,-0.355882,0.0767966
0.433925,-0.219945,0.0768196
-0.111063,0.571076,0.183617
-0.35969,0.477854,0.123299
0.0156831,0.334488,0.674895
-0.489939,0.066289,0.337225
0.0864962,0.354115,0.615029
-0.231724,0.394838,0.426406
-0.413239,-0.382944,0.18218
-0.0350203,-0.275345,0.0767966
-0.386396,0.413409,0.208066
0.224613,0.530264,0.0920221
-0.0779176,-0.0187368,1.15073
0.278327,0.46556,0.0832294
0.135496,-0.258223,0.71886
0.110701,0.102599,0.0767966
-0.344894,0.192527,0.0767966
0.0913638,0.359248,0.0767966
0.150293,0.0868282,0.981958
0.0683578,0.270824,0.0767966
-0.0618769,-0.309166,0.670235
0.544824,-0.00942504,0.080287
0.121413,0.507903,0.0786514
0.00109014,-0.0944934,1.09974
0.22617,0.548337,0.154535
-0.0563747,-0.426656,0.0767966
-0.27973,-0.484699,0.184716
0.519976,0.0346722,0.0787321
0.520351,0.156155,0.240936
0.365189,0.460562,0.162875
0.244763,-0.099935,0.0767966
0.309063,0.325318,0.0767966
-0.279392,0.17198,0.678461
-0.524043,0.268381,0.15596
-0.0219212,-0.509532,0.28217
0.418595,0.153467,0.0767966
0.0881286,0.454699,0.417151
0.139886,0.00621593,1.03451
-0.540307,-0.192669,0.0955496
0.216554,-0.012634,0.882871
-0.375747,-0.357172,0.0780814
-0.113606,0.469199,0.377715
0.0281927,0.206242,0.927571
-0.42125,-0.0379557,0.475635
-0.0732538,0.134428,1.0332
-0.272576,-0.211933,0.620499
-0.276106,-0.444744,0.0823878
0.411625,0.293676,0.0772918
-0.441119,-0.212413,0.0779316
-0.251983,-0.461696,0.252613
-0.41985,0.370107,0.218729
-0.0766528,-0.292135,0.0767966
0.322464,-0.48009,0.101899
-0.346097,0.0214389,0.632731
0.142582,0.0451906,0.0767966
0.481249,0.297865,0.1996
-0.216366,-0.0822958,0.851161
0.440907,0.0567022,0.433339
0.534392,-0.238125,0.105253
0.374714,0.0259245,0.571808
-0.0537708,0.30414,0.726642
-0.27833,-0.0937943,0.0767966
-0.0963142,-0.577213,0.104839
0.138534,0.587397,0.1269
-0.574424,0.0404707,0.0921538
-0.434972,-0.326707,0.222544
-0.518044,0.030721,0.287685
0.26657,-0.192123,0.0767966
-0.310809,0.214946,0.579108
0.52345,-0.267873,0.135464
0.0810865,-0.181195,0.9056
0.340062,0.224835,0.520293
0.532977,-0.175759,0.190978
0.259204,0.0399094,0.798627
0.456408,-0.303618,0.21481
0.230687,0.0681381,0.843737
0.381389,-0.200837,0.44979
0.530976,0.0727461,0.252196
0.0344973,0.102583,1.12047
0.468359,-0.35752,0.110793
-0.42916,0.222134,0.365199
-0.22665,-0.153195,0.76417
0.519135,-0.0176027,0.281377
-0.132763,0.454983,0.0767966
0.271731,-0.173201,0.665143
0.345406,-0.411989,0.229969
0.296281,-0.309514,0.449667
-0.518816,0.195333,0.223099
-0.513215,-0.0500721,0.290073
-0.139465,0.2119,0.832279
-0.29887,-0.230929,0.0767966
0.377228,-0.061076,0.552708
-0.435729,0.306763,0.26886
0.366747,0.0965678,0.567276
-0.500454,-0.129815,0.283336
0.520072,0.0825917,0.0793378
-0.265914,-0.124459,0.724686
-0.410601,-0.234774,0.366665
0.0394082,-0.51004,0.278409
0.00549455,0.193713,0.0767966
-0.359889,-0.44885,0.155158
0.0115969,0.1122,0.0767966
-0.0574924,0.45463,0.42718
0.249424,-0.0111686,0.818473
-0.0787535,0.404162,0.0767966
-0.582779,0.0574875,0.154013
-0.0460847,-0.185349,0.917419
0.0776881,-0.0927989,1.05801
-0.501224,0.0971563,0.306948
0.234333,0.19404,0.727076
0.309911,-0.487797,0.146733
0.0193926,-0.211577,0.875158
-0.47906,0.140031,0.332225
0.487014,0.0833621,0.337032
-0.184797,0.136782,0.0767966
-0.179433,-0.368957,0.482341
-0.165253,0.138033,0.906254
-0.0918268,0.519226,0.290184
0.0876342,0.12883,1.02428
0.237365,0.13057,0.791622
0.452704,0.378027,0.111406
-0.309322,0.354173,0.398925
-0.120884,-0.221495,0.0767966
0.0471944,0.0680299,1.16703
-0.306785,0.327451,0.0767966
0.335495,0.0702807,0.638228
0.0527599,-0.233661,0.822846
0.0452155,-0.334332,0.626245
0.510206,0.0699311,0.29377
-0.0248429,-0.0174064,0.0767966
0.256369,0.371906,0.0767966
-0.205292,-0.304403,0.571012
-0.402415,0.210443,0.426187
-0.420859,-0.34383,0.0860893
-0.35685,-0.0382387,0.603816
-0.416254,-0.402332,0.0998683
-0.13823,0.31049,0.0767966
-0.227225,-0.528456,0.152074
0.136803,-0.15448,0.0767966
-0.392419,0.248063,0.406341
-0.145932,0.0330852,1.02379
0.143201,-0.103502,0.952141
0.390197,0.261161,0.394627
0.360623,0.171748,0.0767966
0.0694599,0.0770557,1.12458
-0.217172,0.20452,0.0767966
0.556195,0.112828,0.189546
0.324871,-0.346543,0.355968
0.0664644,-0.208789,0.860374
-0.191107,-0.0633169,0.911596
0.478164,0.0384677,0.363115
0.0883589,0.214509,0.877056
0.279275,-0.229307,0.585613
-0.268,0.274212,0.0767966
0.293643,-0.00285979,0.731907
0.20549,0.292637,0.624294
0.381779,0.362686,0.282572
-0.342264,0.115803,0.606591
-0.341291,-0.327688,0.077075
-0.573236,-0.110098,0.151085
0.0622847,0.494078,0.347061
-0.294175,-0.33161,0.419145
0.390446,-0.385053,0.210721
-0.398129,0.0218624,0.528613
-0.237227,-0.236114,0.641805
-0.069041,0.593075,0.114769
0.585967,-0.00367814,0.0980423
0.158281,0.44259,0.401872
-0.0422729,-0.292801,0.710259
0.32409,-0.214521,0.0767966
0.358395,-0.341912,0.317477
-0.00228365,0.365536,0.612951
-0.209231,-0.0235811,0.899962
-0.29379,-0.0822073,0.708412
-0.0562218,0.249137,0.830864
-0.36776,-0.448679,0.111589
0.292268,-0.339715,0.409547
-0.316258,-0.434646,0.230663
0.383191,-0.245337,0.398759
-0.416205,0.376328,0.0868765
-0.383682,0.133238,0.0767966
-0.335952,-0.251006,0.472685
0.456699,0.00892636,0.407219
0.0863085,0.037977,1.13307
0.0110711,-0.0112116,1.26098
-0.472784,-0.182877,0.0774335
0.0999419,0.451664,0.0767966
-0.248241,-0.190816,0.685143
-0.136886,0.138346,0.0767966
0.518986,0.114704,0.262402
0.261157,0.308536,0.530312
-0.301062,0.0837283,0.0767966
-0.214829,-0.455411,0.297101
-0.0262048,0.34411,0.65583
-0.155855,0.434631,0.419335
0.486384,0.323323,0.164953
-0.463918,0.295348,0.23642
0.430651,-0.371917,0.169488
-0.265089,0.351497,0.0767966
-0.0979909,0.245364,0.814269
0.367129,0.134346,0.545348
-0.2215,0.236023,0.693262
-0.0742751,-0.519608,0.25165