1.060782,-0.867301,0.715716
0.945301,-0.865287,0.690406
0.535642,-0.865287,0.702572
0.801277,-0.865287,0.621168
0.616127,-0.865287,0.605623
0.611860,-0.865287,0.607688
1.060211,-0.871747,0.723123
1.277465,-0.874927,0.726171
0.903496,-0.870267,0.587548
1.116226,-0.871473,0.585981
0.248710,-0.873955,0.583325
0.438265,-0.876950,0.581022
0.808186,-0.900579,0.730205
1.272521,-0.889547,0.576771
1.471054,-0.777528,0.709343
0.833193,-0.908226,0.725622
1.386160,-0.870747,0.576755
0.349015,-0.917157,0.610862
0.467997,-0.917157,0.603593
1.281765,-0.917157,0.605230
1.165172,-0.917157,0.689829
1.464830,-0.801835,0.580958
1.391873,-0.884358,0.580194
1.520426,-0.356499,0.709433
1.523889,-0.212327,0.719752
1.523006,0.083565,0.590680
1.522587,0.291926,0.591689
1.533251,0.631057,0.728831
1.533371,0.517613,0.728881
1.533819,0.039005,0.729065
1.527336,0.286489,0.584501
1.546609,-0.668198,0.731821
1.542344,0.399094,0.731713
1.542296,-0.215019,0.731707
1.532240,-0.052473,0.580596
1.516676,-0.801378,0.711031
1.537798,-0.583917,0.578031
1.542065,0.506090,0.577063
1.562776,0.398943,0.725767
1.560271,0.628214,0.727687
1.553348,-0.734835,0.626845
1.457228,0.801459,0.722354
1.536836,0.735585,0.730978
1.571472,0.155944,0.709472
1.568063,0.183580,0.589060
1.571895,0.600391,0.611310
1.571895,-0.149299,0.628580
1.571895,-0.130193,0.642814
1.571895,-0.568746,0.697832
-0.324947,0.847024,0.708830
0.788378,0.847173,0.709963
1.564291,0.710426,0.627693
0.472269,0.849645,0.717979
-0.122214,0.848026,0.714074
1.082817,0.846686,0.603343
-0.712603,0.846686,0.612031
-0.492491,0.846686,0.676209
-0.717154,0.846686,0.619149
-0.015025,0.846686,0.693341
-0.009711,0.846686,0.695442
0.099784,0.846686,0.689446
1.560202,0.724148,0.615011
1.114664,0.851487,0.720953
0.922031,0.859109,0.728299
1.235066,0.854991,0.725143
1.415231,0.849674,0.576879
0.672635,0.861789,0.729598
0.157068,0.853866,0.584692
1.273380,0.852178,0.586894
1.507918,0.815909,0.604732
1.225511,0.868590,0.731655
1.505316,0.818428,0.600278
0.334091,0.878885,0.731358
-0.208731,0.863423,0.578467
-0.765451,0.873878,0.731910
0.870940,0.872467,0.576574
-0.062938,0.867429,0.577235
0.204609,0.893562,0.721222
1.011316,0.895035,0.719301
1.362625,0.895170,0.701583
1.343305,0.897083,0.708126
-0.577518,0.895121,0.719127
0.746497,0.887509,0.581492
-0.197022,0.889522,0.583034
-1.056213,0.787693,0.595712
-1.154244,0.741591,0.611624
0.686255,0.897934,0.711116
-0.766400,0.895821,0.715296
-1.149101,0.746924,0.592367
-0.233271,0.898572,0.686443
0.563900,0.898572,0.692145
1.180878,0.898572,0.631946
0.864703,0.898572,0.619094
0.976019,0.898572,0.622824
0.272192,0.898572,0.624516
-1.003286,0.843575,0.729647
1.282370,0.895252,0.589902
-0.450040,0.898172,0.599449
-0.435504,0.897750,0.596232
-1.291640,0.650288,0.697420
-1.071161,0.803212,0.577202
-0.900005,0.883992,0.702802
-1.216867,0.736183,0.732089
-0.972540,0.865381,0.591694
-1.228324,0.746526,0.726612
-1.140258,0.806562,0.689423
-1.341924,0.643610,0.576743
-1.352653,0.653106,0.582070
-0.033197,-0.392391,0.317170
-0.210927,-0.386758,0.317170
0.343578,-0.425365,0.317170
-0.283577,-0.448101,0.317170
-0.272632,-0.453932,0.317170
0.245928,-0.487964,0.317170
-0.250239,-0.564438,0.317170
0.448736,-0.576729,0.317170
0.342579,-0.533269,0.317170
0.353245,-0.545389,0.317170
-0.318102,-0.681653,0.317170
-0.027864,-0.655429,0.317170
0.234875,-0.615567,0.317170
-0.296997,-0.684123,0.317170
0.192415,-0.727649,0.317170
0.513406,-0.690281,0.317170
0.369812,-0.669107,0.317170
-0.107505,-0.741520,0.317170
0.081433,-0.754389,0.317170
0.366983,-0.803207,0.317170
0.192708,-0.743598,0.317170
0.278160,-0.822735,0.317170
-0.209920,-0.769321,0.317170
-0.409884,-0.809606,0.317170
-0.522661,-0.750224,0.317170
0.055577,-0.856615,0.317170
-0.477750,-0.889118,0.317170
-0.540209,-0.861580,0.317170
0.345165,-1.004897,0.317170
0.339240,-1.002383,0.317170
-0.379796,-0.896056,0.317170
0.160840,-0.955171,0.317170
0.576484,-1.020841,0.317170
0.253766,-0.918570,0.317170
-0.056736,-0.955485,0.317170
-0.244673,-0.908720,0.317170
0.067145,-0.960289,0.317170
0.459472,-0.994790,0.317170
0.268084,-0.936375,0.317170
0.402549,-0.913155,0.317170
-0.053986,-0.954767,0.317170
-0.442070,-0.997118,0.317170
0.470149,-1.030164,0.317170
-0.533150,-0.959007,0.317170
0.120673,-1.037721,0.317170
0.236864,-1.034676,0.317170
-0.172691,-0.989755,0.317170
-0.265629,-1.011893,0.317170
-0.340340,-0.938700,0.317170
-0.265172,-1.028232,0.317170
-0.446961,-1.002667,0.317170
0.270122,-1.126209,0.317170
-0.086232,-1.051609,0.317170
0.009486,-1.049463,0.317170
0.145219,-1.136382,0.317170
-0.179967,-1.086034,0.317170
-0.288952,-1.120961,0.317170
-0.204780,-1.193135,0.317170
-0.183097,-1.202020,0.317170
-0.093312,-1.276761,0.317170
0.270604,-1.252960,0.317170
-0.104357,-1.276003,0.317170
0.189777,-1.322176,0.317170
0.294360,-1.382661,0.317170
0.195025,-1.362262,0.317170
0.048682,-1.332863,0.317170
-0.349380,-1.309780,0.317170
0.298560,-1.386429,0.317170
-0.164546,-1.412379,0.317170
0.130850,-1.447671,0.317170
0.096394,-1.452361,0.729631
0.065951,-1.456370,0.943908
0.112128,-1.450289,0.438284
0.119040,-1.449379,0.597294
0.079647,-1.454566,0.842910
0.026201,-1.461605,1.125660
0.055352,-1.457766,1.251743
0.155935,-1.444520,1.237154
0.118534,-1.449446,1.139698
0.110495,-1.450504,1.036519
0.115283,-1.449874,1.490668
0.138701,-1.446790,1.580661
-0.105032,-1.444877,0.962178
-0.017483,-1.456407,0.652632
-0.059065,-1.450931,0.317609
-0.107286,-1.444581,1.292824
-0.078804,-1.448331,0.441627
-0.060901,-1.450689,0.546923
-0.021677,-1.455854,0.750342
-0.020319,-1.456033,0.883169
-0.040845,-1.453330,1.199769
-0.067130,-1.449869,1.476635
0.014601,-1.460632,1.538364
-0.024465,-1.455487,1.351533
-0.229909,-1.398399,0.536890
-0.241991,-1.393394,0.690746
-0.207354,-1.407741,0.939646
-0.215496,-1.404368,0.812009
-0.157061,-1.428572,1.171007
-0.145674,-1.433288,0.701226
-0.139790,-1.435725,0.602849
-0.137504,-1.436672,1.392612
-0.379295,-1.294819,1.173898
-0.336555,-1.327619,1.082772
-0.369523,-1.302318,0.319788
-0.377777,-1.295984,0.757359
-0.320454,-1.339976,1.319580
-0.319581,-1.340645,1.322004
-0.293029,-1.361022,0.840782
-0.291264,-1.362377,1.567800
-0.303845,-1.352722,0.957623
-0.300217,-1.355506,0.812775
-0.427159,-1.232512,0.552807
-0.410572,-1.254127,0.872080
-0.469279,-1.177618,0.984549
-0.447346,-1.206200,1.216076
-0.457384,-1.193115,1.414445
-0.426924,-1.232817,1.065117
-0.397755,-1.270827,1.493123
-0.393743,-1.276055,1.514928
-0.481378,-1.149317,1.084184
-0.482815,-1.145856,0.574016
-0.471582,-1.172976,0.452648
-0.519885,-1.056358,0.582806
-0.511509,-1.076577,0.797474
-0.507176,-1.087037,1.010568
-0.523300,-1.048113,1.486549
-0.514889,-1.068418,1.379856
-0.532222,-1.000081,1.160905
-0.530867,-1.010371,0.930756
-0.528475,-1.028537,0.888662
-0.537686,-0.958582,0.805453
-0.533378,-0.991304,0.410390
-0.528133,-1.031136,0.565428
-0.531704,-1.004015,1.264792
-0.531974,-1.001963,1.157311
-0.541620,-0.928703,0.516480
-0.537652,-0.958842,1.405009
-0.542768,-0.919987,0.643705
-0.537946,-0.956611,1.530762
-0.545914,-0.896098,0.960501
-0.531675,-0.778208,0.574809
-0.537287,-0.820824,0.682935
-0.540704,-0.846773,0.432812
-0.532284,-0.782832,0.571053
-0.528547,-0.754451,0.324266
-0.546197,-0.888483,1.296550
-0.530066,-0.765990,1.574383
-0.540722,-0.846909,1.464262
-0.528231,-0.752050,0.757756
-0.532515,-0.784584,0.909836
-0.542343,-0.859212,1.474373
-0.537819,-0.824858,1.028657
-0.530929,-0.772540,1.320455
-0.524758,-0.737850,1.474815
-0.505536,-0.691442,0.858775
-0.525233,-0.738996,1.147700
-0.503021,-0.685369,0.607282
-0.520678,-0.728000,0.467359
-0.515362,-0.715164,0.470453
-0.519153,-0.724318,1.147464
-0.495914,-0.668210,0.722181
-0.494540,-0.664892,1.379246
-0.490540,-0.655236,1.400019
-0.474701,-0.616996,1.066525
-0.496951,-0.670715,0.948395
-0.470781,-0.607532,1.190322
-0.484535,-0.640738,1.570916
-0.473514,-0.614129,0.486791
-0.519186,-0.724398,1.476456
-0.457424,-0.589367,1.225535
-0.439430,-0.565916,0.611754
-0.415898,-0.535245,0.464403
-0.416675,-0.536258,0.443112
-0.439246,-0.565675,0.907268
-0.444271,-0.572224,0.583865
-0.437841,-0.563844,0.344152
-0.397676,-0.511497,0.777085
-0.395189,-0.508256,0.772012
-0.446734,-0.575434,1.326713
-0.407056,-0.523722,1.004144
-0.398895,-0.513086,1.205511
-0.421389,-0.542403,1.414937
-0.387382,-0.498081,1.219473
-0.351949,-0.466625,0.685225
-0.333598,-0.452545,1.116784
-0.318410,-0.440891,1.232032
-0.378740,-0.487181,0.664246
-0.294930,-0.422875,1.545267
-0.362900,-0.475028,1.365111
-0.367845,-0.478822,0.547019
-0.270055,-0.403788,0.626513
-0.312754,-0.436551,1.020601
-0.252755,-0.393507,1.346229
-0.225960,-0.382409,0.724580
-0.232017,-0.384918,1.073079
-0.194753,-0.369483,1.252684
-0.255329,-0.394573,1.170236
-0.230935,-0.384470,0.914656
-0.170021,-0.359240,1.385473
-0.214631,-0.377717,1.463925
-0.208068,-0.374998,0.916670
-0.191290,-0.368049,1.242116
-0.176503,-0.361924,0.458183
-0.128999,-0.342249,0.682303
-0.049647,-0.330272,1.313665
-0.091024,-0.335721,1.205856
-0.108514,-0.338024,0.774893
0.018684,-0.321274,0.753975
-0.055493,-0.331042,0.423560
0.005647,-0.322991,0.971257
-0.011913,-0.325303,0.504737
0.022221,-0.320808,0.899432
0.081334,-0.328099,1.092439
0.056099,-0.324776,1.067610
0.044640,-0.323267,0.584827
0.035397,-0.322050,1.390208
0.148050,-0.336885,1.458188
0.136448,-0.335357,1.346836
0.073870,-0.327116,1.253149
0.050759,-0.324073,0.406599
0.160670,-0.338547,1.480961
0.095848,-0.330010,0.689382
0.164303,-0.339025,0.391615
0.263878,-0.378154,1.463506
0.223913,-0.361601,0.870406
0.198716,-0.351165,1.119355
0.185374,-0.345639,0.614555
0.192937,-0.348771,0.755755
0.191153,-0.348032,0.752140
0.258065,-0.375747,1.326516
0.230408,-0.364291,1.558121
0.177690,-0.342456,0.614423
0.204333,-0.353491,0.500415
0.260971,-0.376950,1.047701
0.307976,-0.396420,0.788781
0.262637,-0.377640,0.405321
0.405671,-0.470870,1.548554
0.363958,-0.438863,1.002954
0.328156,-0.411393,0.575114
0.334769,-0.416467,1.581419
0.369371,-0.443017,0.994181
0.359426,-0.435386,1.382909
0.319553,-0.404792,0.790534
0.316821,-0.402696,0.908394
0.321549,-0.406324,1.157544
0.323893,-0.408122,1.272505
0.365590,-0.440116,0.416095
0.380365,-0.451452,0.727357
0.425443,-0.486040,0.339954
0.336652,-0.417912,0.549988
0.427252,-0.487428,1.070717
0.492732,-0.572561,0.507269
0.483279,-0.560243,0.668145
0.430378,-0.491311,0.805354
0.435504,-0.497991,1.167956
0.447028,-0.513007,0.429933
0.476816,-0.551822,0.890794
0.503031,-0.585982,0.513782
0.432684,-0.494316,0.530467
0.443856,-0.508873,0.441610
0.517991,-0.605475,1.531566
0.500993,-0.583325,1.344442
0.487762,-0.566085,1.361578
0.516102,-0.603014,1.232747
0.508586,-0.593220,0.773568
0.537842,-0.653052,1.098989
0.548014,-0.677609,0.497266
0.530352,-0.634966,0.996641
0.549158,-0.680371,0.704931
0.541558,-0.662021,0.863547
0.570084,-0.730893,0.396082
0.534083,-0.643976,0.609366
0.524607,-0.621098,1.219035
0.560315,-0.707308,1.303201
0.546590,-0.674171,1.097989
0.527955,-0.629180,1.439944
0.542105,-0.663344,1.417054
0.571897,-0.735271,1.480745
0.576170,-0.750024,0.619115
0.589839,-0.853910,0.452722
0.579304,-0.773843,0.517995
0.575610,-0.745765,0.995425
0.575695,-0.746410,0.618829
0.581585,-0.791181,1.385087
0.592647,-0.875254,0.946666
0.587302,-0.834629,1.509581
0.591523,-0.866711,0.948986
0.587764,-0.838138,1.042887
0.590212,-0.856747,1.492871
0.582958,-0.801615,1.254602
0.582716,-0.799774,1.286655
0.590731,-0.860690,1.054722
0.578142,-0.765007,1.575720
0.593351,-0.901823,0.370738
0.584242,-0.971064,1.012277
0.583813,-0.974325,0.546133
0.583123,-0.979573,1.130081
0.583337,-0.977941,0.699419
0.584182,-0.971517,1.138836
0.585551,-0.961116,1.498741
0.581624,-0.990963,1.389091
0.577308,-1.023771,1.584095
0.576981,-1.026254,1.582846
0.568801,-1.054646,1.288058
0.554888,-1.088238,0.931389
0.555202,-1.087479,1.044327
0.558217,-1.080201,1.168466
0.554610,-1.088909,0.537272
0.549751,-1.100641,0.566652
0.550302,-1.099310,0.351838
0.562555,-1.069727,0.930692
0.556532,-1.084266,1.479253
0.522891,-1.165484,0.834978
0.528137,-1.152813,1.343103
0.551043,-1.097520,1.067544
0.520223,-1.171928,0.621854
0.522243,-1.167038,1.502318
0.526082,-1.157773,1.335628
0.484792,-1.220216,0.733093
0.506445,-1.192002,0.947912
0.511704,-1.185147,1.216555
0.498440,-1.202436,0.711451
0.463733,-1.247656,0.607477
0.482626,-1.223042,0.510920
0.475628,-1.232160,0.413805
0.512682,-1.183885,0.328088
0.473529,-1.234887,1.579770
0.458393,-1.254610,1.184721
0.451857,-1.263127,1.583870
0.447799,-1.268415,1.280454
0.325810,-1.372848,0.732933
0.395157,-1.319629,0.356578
0.311032,-1.384189,1.157437
0.329729,-1.369840,0.756995
0.329659,-1.369894,0.434653
0.339969,-1.361982,0.998859
0.389929,-1.323641,0.334149
0.414320,-1.304923,0.471152
0.418000,-1.302099,0.474481
0.412491,-1.306326,0.812094
0.370036,-1.338907,1.246869
0.199516,-1.430947,0.795048
0.229467,-1.418542,0.439069
0.240498,-1.413973,0.435407
0.271987,-1.400930,0.610087
0.194985,-1.432824,0.652787
0.296388,-1.390824,1.377041
0.205899,-1.428303,1.432511
0.301804,-1.388580,1.481119
0.287904,-1.394338,1.473669
-0.049307,-1.396530,1.588173
-0.083127,-1.381840,1.588173
0.049074,-1.352250,1.588173
0.312817,-1.362528,1.588173
0.323506,-1.368924,1.588173
0.154500,-1.336124,1.588173
0.062227,-1.247099,1.588173
0.326239,-1.244139,1.588173
0.192072,-1.235541,1.588173
-0.078841,-1.286269,1.588173
-0.355011,-1.203357,1.588173
-0.281075,-1.262504,1.588173
0.128003,-1.152937,1.588173
-0.466083,-1.138447,1.588173
-0.107384,-1.131111,1.588173
-0.336758,-1.108031,1.588173
-0.517398,-1.041770,1.588173
0.381893,-1.139383,1.588173
0.495597,-1.138457,1.588173
-0.238386,-1.047704,1.588173
0.462671,-1.028316,1.588173
-0.168879,-0.948603,1.588173
-0.161272,-0.962500,1.588173
-0.282530,-0.941510,1.588173
0.127223,-1.025235,1.588173
-0.069280,-1.034825,1.588173
0.277899,-0.894574,1.588173
-0.073983,-0.908193,1.588173
0.377627,-0.967465,1.588173
0.156437,-0.897892,1.588173
-0.051985,-0.892235,1.588173
-0.369347,-0.895533,1.588173
-0.364911,-0.899459,1.588173
0.474700,-0.917680,1.588173
-0.134148,-0.809160,1.588173
-0.525235,-0.745003,1.588173
-0.264688,-0.796971,1.588173
0.060697,-0.852049,1.588173
0.404398,-0.840694,1.588173
-0.016332,-0.771435,1.588173
0.409301,-0.836599,1.588173
0.202655,-0.793936,1.588173
-0.344797,-0.725135,1.588173
0.391554,-0.705449,1.588173
0.254518,-0.676211,1.588173
0.494057,-0.708673,1.588173
-0.140988,-0.665128,1.588173
0.012657,-0.656706,1.588173
0.022119,-0.663428,1.588173
-0.053256,-0.556052,1.588173
0.458294,-0.557751,1.588173
-0.176371,-0.572155,1.588173
-0.044580,-0.561041,1.588173
0.084712,-0.572366,1.588173
0.083559,-0.589878,1.588173
-0.274929,-0.530589,1.588173
-0.420598,-0.566868,1.588173
-0.059127,-0.452120,1.588173
0.139370,-0.468274,1.588173
0.227843,-0.454414,1.588173
-0.214220,-0.380142,1.588173
0.212250,-0.365607,1.588173
0.011905,-0.329350,1.588173
-0.028903,-0.351862,1.588173
0.115263,-0.368541,1.588173
-0.207547,-0.384787,1.588173
-0.166861,-0.479051,1.588173
-0.178298,-0.476672,1.588173
0.041093,-0.470951,1.588173
-0.419315,-0.546139,1.588173
-0.292842,-0.522418,1.588173
0.329913,-0.568545,1.588173
0.219712,-0.561304,1.588173
0.441550,-0.575083,1.588173
0.332486,-0.583352,1.588173
0.208007,-0.559507,1.588173
-0.230227,-0.690210,1.588173
-0.235585,-0.684784,1.588173
-0.474295,-0.649683,1.588173
-0.346851,-0.619001,1.588173
-0.110047,-0.717715,1.588173
0.268546,-0.691967,1.588173
0.159513,-0.665520,1.588173
0.389365,-0.701322,1.588173
-0.371073,-0.724971,1.588173
0.000237,-0.773095,1.588173
0.114762,-0.760716,1.588173
0.295120,-0.781041,1.588173
0.529853,-0.810734,1.588173
0.277366,-0.884843,1.588173
0.064447,-0.859847,1.588173
-0.440894,-0.811283,1.588173
-0.284433,-0.820369,1.588173
-0.175871,-0.853788,1.588173
0.136860,-0.915927,1.588173
0.568948,-0.908788,1.588173
0.569186,-0.912230,1.588173
0.225876,-1.015945,1.588173
-0.375376,-1.018734,1.588173
0.216496,-1.010140,1.588173
0.476110,-1.031731,1.588173
-0.480081,-0.908701,1.588173
-0.355226,-1.016559,1.588173
0.006828,-0.965690,1.588173
-0.466310,-0.929750,1.588173
0.366642,-1.146792,1.588173
0.018559,-1.080759,1.588173
-0.235887,-1.051566,1.588173
0.219900,-1.107320,1.588173
0.316000,-1.055139,1.588173
0.237231,-1.141296,1.588173
-0.307359,-1.112058,1.588173
0.132812,-1.161286,1.588173
-0.262459,-1.263840,1.588173
-0.007614,-1.180171,1.588173
-0.182828,-1.192932,1.588173
-0.095236,-1.254285,1.588173
-0.368467,-1.219583,1.588173
0.352301,-1.248913,1.588173
0.226597,-1.237472,1.588173
0.061868,-1.252492,1.588173
0.141303,-1.330761,1.588173
-0.186453,-1.318759,1.588173
0.043645,-1.361143,1.588173
-0.169196,-1.333867,1.588173
0.151438,-0.883990,0.614609
0.151438,-0.877997,0.640253
-0.181631,-1.414100,0.317170
-0.269947,-1.377514,0.317170
0.014853,-1.359941,0.317170
-0.206911,-1.314628,0.317170
0.275993,-1.262169,0.317170
0.137649,-1.248280,0.317170
0.398479,-1.211477,0.317170
0.136176,-1.232615,0.317170
0.025298,-1.232516,0.317170
0.026837,-1.229368,0.317170
0.391470,-1.185673,0.317170
-0.311010,-1.218624,0.317170
-0.334507,-1.202914,0.317170
-0.393780,-1.084005,0.317170
0.492271,-1.173352,0.317170
-0.059910,-1.155815,0.317170
0.030171,-1.065454,0.317170
0.394798,-1.092490,0.317170
0.287430,-1.145940,0.317170
0.167760,-1.125194,0.317170
0.235513,-1.036491,0.317170
0.529626,-0.934468,0.317170
0.060795,-0.957580,0.317170
0.376920,-0.906980,0.317170
-0.215898,-0.797214,0.317170
0.027342,-0.842820,0.317170
-0.077257,-0.854470,0.317170
-0.119089,-0.856201,0.317170
-0.317560,-0.822418,0.317170
0.154883,-0.865053,0.317170
0.482060,-0.836639,0.317170
0.448803,-0.752275,0.317170
-0.008724,-0.759066,0.317170
0.285448,-0.724186,0.317170
0.516037,-0.678981,0.317170
-0.119392,-0.730796,0.317170
0.382250,-0.685298,0.317170
-0.204086,-0.660447,0.317170
0.079197,-0.637513,0.317170
0.092669,-0.627964,0.317170
0.259541,-0.625773,0.317170
-0.417635,-0.696470,0.317170
-0.035384,-0.562695,0.317170
0.480609,-0.562736,0.317170
0.244187,-0.511874,0.317170
-0.133998,-0.605439,0.317170
0.134635,-0.505496,0.317170
-0.359513,-0.505883,0.317170
-0.123943,-0.489165,0.317170
-0.356735,-0.527117,0.317170
-0.146026,-0.489457,0.317170
0.133950,-0.512879,0.317170
-0.243630,-0.575237,0.317170
0.020396,-0.481281,0.317170
-0.043765,-0.409387,0.317170
0.106964,-0.406648,0.317170
0.074339,-0.387414,0.317170
0.223880,-0.378898,0.317170
0.141350,-1.446441,1.359525
0.129613,-1.447986,1.355422
0.113113,-1.450159,1.034200
0.051054,-1.458332,0.512665
0.109881,-1.450585,0.745614
0.045808,-1.459023,0.500222
0.029523,-1.461167,0.343715
0.035283,-1.460409,1.443263
0.027786,-1.461396,0.380580
0.153855,-1.444794,0.335462
0.085788,-1.453758,0.844068
0.125850,-1.448482,0.437751
-0.004986,-1.458052,1.349677
0.014812,-1.460659,0.622027
-0.051801,-1.451887,1.216944
-0.019544,-1.456135,1.014968
-0.059747,-1.450841,1.458096
-0.069431,-1.449566,1.093125
-0.120858,-1.442793,0.839442
-0.070896,-1.449373,0.447661
-0.081939,-1.447918,0.336141
-0.032659,-1.454408,0.785997
-0.105426,-1.444826,0.940664
-0.224238,-1.400748,1.430471
-0.162605,-1.426275,1.534284
-0.150408,-1.431327,1.062051
-0.128276,-1.440494,0.817530
-0.148306,-1.432198,0.691754
-0.153169,-1.430184,1.165990
-0.215671,-1.404296,1.324878
-0.240699,-1.393929,1.432095
-0.158583,-1.427941,1.536659
-0.258544,-1.386538,1.065584
-0.246838,-1.391387,1.060248
-0.227841,-1.399255,0.422511
-0.206264,-1.408192,0.912093
-0.144857,-1.433627,0.511057
-0.240090,-1.394182,0.696088
-0.236833,-1.395531,1.323814
-0.218688,-1.403046,0.415511
-0.281841,-1.369608,1.564777
-0.326711,-1.335174,1.443703
-0.278508,-1.372167,1.163544
-0.266150,-1.381650,0.513000
-0.309033,-1.348741,0.961072
-0.286803,-1.365800,1.170270
-0.335013,-1.328803,1.074592
-0.374571,-1.298445,0.559138
-0.361800,-1.308245,0.744524
-0.335928,-1.328101,0.470490
-0.327469,-1.334592,0.648731
-0.362381,-1.307800,1.202446
-0.395808,-1.273366,1.392189
-0.409933,-1.254959,1.280666
-0.463305,-1.185396,1.506767
-0.467385,-1.180088,0.820252
-0.450113,-1.202599,0.799588
-0.442277,-1.212813,0.334832
-0.393608,-1.276234,0.965887
-0.382708,-1.290437,0.441957
-0.405665,-1.260522,1.072666
-0.406973,-1.258817,0.977084
-0.415207,-1.248087,0.668408
-0.414229,-1.249362,0.663720
-0.424041,-1.236575,0.381610
-0.395028,-1.274382,0.845408
-0.506032,-1.089797,1.190770
-0.500868,-1.102264,1.471652
-0.523821,-1.046855,0.680944
-0.496224,-1.113475,1.188027
-0.522359,-1.050385,1.364613
-0.492448,-1.122591,1.296924
-0.512586,-1.073978,0.484743
-0.477817,-1.157920,0.595271
-0.490110,-1.128246,0.336711
-0.497139,-1.111276,0.323377
-0.475691,-1.163051,0.711065
-0.475036,-1.164634,0.706124
-0.478690,-1.155808,0.950255
-0.537820,-0.957565,1.398366
-0.545906,-0.896152,0.939538
-0.533087,-0.993509,1.267916
-0.543763,-0.912430,1.190172
-0.544944,-0.903460,0.622104
-0.534436,-0.983261,1.035592
-0.534723,-0.981089,1.051345
-0.535113,-0.978120,0.786740
-0.533753,-0.988451,0.417506
-0.540142,-0.939930,0.508534
-0.538014,-0.826344,1.204839
-0.542784,-0.862566,1.350417
-0.533359,-0.790992,0.914743
-0.531206,-0.774641,1.309184
-0.538552,-0.830428,0.815871
-0.543467,-0.867748,0.802553
-0.539637,-0.838668,0.440751
-0.542149,-0.857742,1.108824
-0.475559,-0.619067,0.489945
-0.483796,-0.638953,0.968780
-0.496962,-0.670740,1.257646
-0.478578,-0.626356,0.689781
-0.507274,-0.695638,1.242767
-0.479704,-0.629073,1.065597
-0.517786,-0.721016,1.022785
-0.519862,-0.726029,1.033388
-0.508464,-0.698510,0.845985
-0.501442,-0.681556,0.620190
-0.488111,-0.649371,0.352212
-0.484891,-0.641598,0.355441
-0.382729,-0.492017,0.556946
-0.395717,-0.508944,0.998655
-0.460839,-0.593818,1.475154
-0.429860,-0.553442,1.325547
-0.420129,-0.540760,1.097626
-0.464055,-0.598008,0.782928
-0.441505,-0.568619,0.886324
-0.310676,-0.434957,0.784101
-0.294554,-0.422586,0.529219
-0.288364,-0.417837,0.488012
-0.352637,-0.467153,0.422944
-0.295642,-0.423421,0.834778
-0.264426,-0.399470,1.159554
-0.342027,-0.459012,1.131838
-0.288678,-0.418078,1.545182
-0.369170,-0.479839,0.881609
-0.359285,-0.472254,0.896849
-0.370564,-0.480908,1.504023
-0.301416,-0.427852,1.429453
-0.324926,-0.445891,0.983230
-0.376569,-0.485516,1.491720
-0.199616,-0.371498,0.451910
-0.143371,-0.348201,0.999342
-0.142432,-0.347812,1.103385
-0.208965,-0.375370,0.317505
-0.147173,-0.349776,0.998514
-0.195722,-0.369885,0.823214
-0.128504,-0.342044,0.353728
-0.132304,-0.343617,0.570852
-0.127124,-0.341472,1.101342
-0.124372,-0.340332,0.354263
-0.259165,-0.396162,0.617637
-0.256367,-0.395003,1.351404
-0.235537,-0.386376,1.044878
-0.231235,-0.384594,0.729008
0.013457,-0.321962,1.159852
-0.038549,-0.328811,0.679828
0.019698,-0.321140,1.492896
0.019816,-0.321125,0.353600
0.015143,-0.321740,0.591442
-0.104278,-0.337467,0.577416
-0.090832,-0.335696,0.918061
-0.098767,-0.336741,1.300687
-0.044808,-0.329635,1.047994
-0.107003,-0.337825,1.530373
-0.101218,-0.337064,0.765269
-0.068421,-0.332745,1.427803
-0.103794,-0.337403,1.518248
-0.099817,-0.336879,0.883032
0.156202,-0.337958,0.385216
0.087885,-0.328962,0.824888
0.096225,-0.330060,0.814767
0.100399,-0.330610,0.497670
0.085517,-0.328650,0.690841
0.118942,-0.333052,0.919741
0.167904,-0.339499,1.021232
0.097692,-0.330253,0.492304
0.144237,-0.336383,1.348433
0.027258,-0.320978,1.384352
0.057076,-0.324905,1.491809
0.090714,-0.329334,1.239995
0.114746,-0.332499,1.576581
0.271800,-0.381435,1.060913
0.258417,-0.375893,0.691993
0.259659,-0.376407,0.412602
0.207160,-0.354662,0.510981
0.200540,-0.351920,0.867481
0.251767,-0.373138,1.355496
0.233147,-0.365426,1.217323
0.179092,-0.343037,1.128421
0.198400,-0.351034,1.249000
0.179231,-0.343094,0.997909
0.398431,-0.465314,0.902633
0.331118,-0.413665,0.324252
0.383306,-0.453709,0.636668
0.414990,-0.478020,1.322415
0.366761,-0.441014,0.456836
0.394955,-0.462647,1.531115
0.319771,-0.404959,1.258278
0.317807,-0.403452,1.152153
0.368640,-0.442456,1.411543
0.314769,-0.401121,0.893899
0.456019,-0.524723,1.464966
0.491355,-0.570767,1.140269
0.518141,-0.605671,0.411854
0.475258,-0.549792,0.922339
0.498833,-0.580512,0.785665
0.496570,-0.577563,0.669554
0.452472,-0.520101,1.451157
0.448062,-0.514354,1.041701
0.449977,-0.516850,0.577164
0.508561,-0.593187,0.400988
0.436794,-0.499672,0.785788
0.443129,-0.507927,1.288096
0.567029,-0.723517,1.487628
0.522184,-0.615247,1.531015
0.553832,-0.691656,1.280496
0.540031,-0.658336,0.865932
0.532057,-0.639083,0.988824
0.587864,-0.838898,1.160580
0.589376,-0.850396,1.171093
0.582875,-0.800982,1.416415
0.588888,-0.846682,0.821339
0.592764,-0.876141,0.496119
0.589398,-0.850561,0.814938
0.581989,-0.794249,0.319602
0.578956,-0.771196,0.735748
0.575943,-0.748293,0.795477
0.583410,-0.805049,0.325755
0.578658,-0.768933,0.909783
0.579519,-0.775476,0.521640
0.577985,-0.763815,0.409332
0.575952,-0.748367,1.178441
0.593135,-0.903464,1.370675
0.590639,-0.922439,1.265475
0.590946,-0.920107,1.265206
0.594395,-0.893890,1.373843
0.579442,-1.007551,0.570089
0.585097,-0.964566,0.681749
0.587127,-0.949132,0.887228
0.587000,-0.950103,0.787378
0.587242,-0.948259,0.787454
0.575831,-1.035000,0.842295
0.583936,-0.973386,1.004802
0.585395,-0.962300,0.433747
0.554743,-1.088588,1.190016
0.560453,-1.074799,1.469798
0.551778,-1.095746,0.713300
0.568330,-1.055783,1.307070
0.531009,-1.145891,0.443952
0.570407,-1.050770,0.443414
0.556057,-1.085415,0.737748
0.571140,-1.049000,0.442431
0.444233,-1.273062,1.031516
0.453180,-1.261403,1.305611
0.478756,-1.228077,1.433510
0.479463,-1.227156,1.426848
0.451242,-1.263929,1.023528
0.450771,-1.264542,0.607484
0.502098,-1.197666,0.954255
0.509801,-1.187628,1.083948
0.510045,-1.187310,1.102374
0.467310,-1.242997,0.405996
0.472896,-1.235713,0.842655
0.398344,-1.317183,0.808547
0.381120,-1.330401,1.091156
0.402432,-1.314046,0.940143
0.418608,-1.301632,0.715927
0.402551,-1.313954,1.501884
0.359825,-1.346743,1.298971
0.399601,-1.316218,0.923790
0.396100,-1.318905,1.495447
0.380993,-1.330498,1.105746
0.407020,-1.310524,1.377024
0.359477,-1.347011,0.564986
0.336807,-1.364408,0.863427
0.316250,-1.380185,1.032578
0.324335,-1.373980,0.862296
0.388300,-1.324891,0.650032
0.290620,-1.393213,1.354260
0.193698,-1.433357,1.446268
0.245066,-1.412081,1.238791
0.262493,-1.404863,0.922485
0.295095,-1.391359,0.645033
0.300157,-1.389263,1.137664
0.295585,-1.391156,0.511531
0.175100,-1.441060,1.569355
0.251198,-1.409541,1.242366
0.205906,-1.428300,0.991161
0.241429,-1.413587,0.815932
0.187874,-1.435769,0.675382
0.183049,-1.437768,0.530989
0.173302,-1.441805,0.897199
0.214420,-1.424774,1.107320
0.209041,-1.427002,1.084437
0.279996,-0.865958,0.711367
0.295280,-0.865287,0.701339
0.791966,-0.865287,0.603510
0.533068,-0.865287,0.676232
0.950517,-0.865287,0.693989
0.649838,-0.869412,0.720090
1.001345,-0.865543,0.600546
0.418731,-0.876899,0.727687
1.005505,-0.868276,0.590664
1.270639,-0.879631,0.729292
0.658590,-0.881936,0.730242
1.122842,-0.878522,0.579912
1.393884,-0.850807,0.726257
0.162703,-0.913019,0.720087
0.431558,-0.905991,0.727335
0.884143,-0.899453,0.578067
1.462627,-0.787528,0.597459
0.241278,-0.909527,0.584123
0.344279,-0.917157,0.630517
1.161034,-0.917157,0.668759
0.700185,-0.917157,0.632478
0.708550,-0.917157,0.618999
1.520009,-0.358270,0.691746
1.520009,0.605906,0.622392
1.520009,0.387109,0.629680
1.520009,0.304968,0.690677
1.520009,-0.481899,0.690714
1.520009,-0.032933,0.619062
1.520009,0.187127,0.605260
1.397750,-0.895833,0.699764
1.526861,-0.094636,0.723628
1.532603,-0.086457,0.728431
1.522862,0.494752,0.591025
1.537567,-0.469920,0.730609
1.542586,0.051206,0.731745
1.532977,-0.215260,0.580031
1.536079,-0.457593,0.578744
1.565074,-0.688020,0.713927
1.449467,0.804050,0.717364
1.552548,-0.318470,0.577419
1.555354,-0.728926,0.625866
1.553031,-0.325252,0.577585
1.563039,-0.434954,0.583183
1.563476,-0.621289,0.583518
1.564853,0.059143,0.584872
1.571895,0.163152,0.699319
1.571895,0.273512,0.689720
1.571895,-0.571128,0.691401
1.571895,-0.268931,0.663054
1.571895,0.402412,0.606026
1.571895,0.508517,0.687313
1.547981,0.736668,0.724538
0.326409,0.847280,0.710782
-0.585337,0.847142,0.709731
-0.330211,0.847700,0.713288
0.453277,0.846686,0.695556
0.974533,0.846686,0.626078
-0.486215,0.846686,0.687866
0.165458,0.847240,0.598274
-0.070343,0.847502,0.596277
1.105064,0.854562,0.724814
0.084867,0.865334,0.731058
1.077269,0.853447,0.585239
-0.577761,0.852228,0.586829
0.386431,0.854508,0.583976
0.790329,0.875903,0.731758
0.208919,0.877736,0.731512
0.513642,0.861252,0.579367
0.571472,0.881326,0.730481
1.406476,0.874959,0.583539
-0.577652,0.870123,0.576882
-0.320646,0.868897,0.577043
0.510586,0.872323,0.576593
0.895558,0.888583,0.726433
0.645895,0.873231,0.576632
0.646161,0.875220,0.576893
-0.842082,0.855131,0.579278
-0.407691,0.894340,0.720196
-1.004752,0.819452,0.729079
-0.332527,0.893044,0.586854
-0.966356,0.834592,0.577944
0.281144,0.898572,0.603569
0.391456,0.898572,0.625358
1.167765,0.898572,0.623164
0.755238,0.898572,0.627176
-0.671788,0.898572,0.698375
-0.224199,0.898572,0.704364
-0.109298,0.898572,0.687717
-0.895163,0.880286,0.720436
0.041932,0.897960,0.597834
0.044583,0.897831,0.596851
-0.806022,0.890279,0.587023
-1.259823,0.712795,0.577180
-1.149506,0.802001,0.699168
-1.253819,0.739744,0.593298
-1.328885,0.686719,0.704010
