-0.729572,-0.120493,0.005692
-0.352230,-0.004568,0.005692
-0.150721,-0.103021,0.005692
-0.065213,0.056694,0.005692
-0.144858,-0.108662,0.005692
-0.141250,-0.107681,0.005692
-0.357314,0.059874,0.005692
-0.554333,0.004307,0.005692
-0.740263,-0.071986,0.005692
-0.710551,0.086331,0.005692
-0.110815,0.074033,0.005692
0.009339,0.428583,0.005692
0.009301,0.424446,0.005692
-0.080159,-0.476417,0.005692
0.052427,-0.270256,0.005692
-0.051330,-0.465117,0.005692
0.014441,-0.265952,0.005692
0.023017,-0.250015,0.005692
0.089357,0.219304,0.005692
0.077246,-0.065106,0.005692
-0.054849,-0.455291,0.005692
-0.896843,0.040491,0.019448
0.009823,0.493615,0.005692
-0.091641,0.276912,0.005692
-0.105717,0.264692,0.005692
-0.072973,0.668503,0.005692
-0.053006,0.698093,0.029680
-0.048921,0.698093,0.099588
0.472802,0.005866,0.005692
0.270142,-0.014552,0.005692
0.282225,0.020640,0.005692
0.665173,0.002527,0.005692
0.475887,-0.036604,0.005692
0.808578,-0.101598,0.005692
-0.318612,-0.257911,0.005692
-0.510885,-0.218415,0.005692
-0.695529,-0.375381,0.005692
-0.694047,-0.409748,0.005692
-0.268842,-0.481865,0.005692
-0.609480,-0.704386,0.005692
-0.271354,-0.526058,0.005692
-0.274424,-0.472724,0.005692
-0.896843,-0.426900,0.411766
-0.896843,-0.432520,0.506496
-0.896843,-0.446894,0.078155
-0.896843,-0.565287,0.295290
-0.896843,-0.273173,0.243587
-0.808918,-0.743709,0.455103
-0.720271,-0.743709,0.837414
-0.620996,-0.743709,0.407220
-0.277510,-0.743709,0.355950
-0.731368,-0.743709,0.180514
-0.825071,-0.743709,0.405296
-0.697473,-0.743709,0.186113
-0.896843,-0.357082,1.445555
-0.896843,-0.080053,1.015926
-0.896843,0.218994,1.180605
-0.896843,0.307667,0.888965
-0.896843,-0.207758,0.865778
-0.896843,-0.193092,0.455684
-0.896843,-0.091114,0.791489
-0.896843,-0.220356,0.424451
-0.896843,-0.318830,0.891088
-0.896843,-0.497429,1.071309
-0.896843,-0.016273,0.805816
-0.896843,0.472262,1.280876
-0.243130,-0.743709,0.601075
-0.331187,-0.743709,1.009174
0.187241,-0.743709,0.922368
-0.246384,-0.743709,0.620102
-0.098209,-0.743709,0.504698
-0.080174,-0.743709,0.464835
0.004936,-0.743709,0.743601
-0.209647,-0.743709,1.185642
0.410540,-0.743709,1.023154
0.178824,-0.743709,0.897121
-0.119502,-0.743709,0.999197
0.006033,-0.743709,0.683341
-0.267461,-0.743709,0.835828
-0.027242,-0.743709,0.726079
-0.245452,-0.743709,1.224934
0.023580,-0.743709,1.147024
0.421386,-0.743709,0.780290
0.279377,-0.743709,0.630999
-0.896843,0.324197,0.858621
-0.896843,0.343133,0.875711
0.341930,-0.746771,1.456999
-0.896843,0.306593,0.617791
0.158673,0.665348,0.005692
0.354313,0.651302,0.005692
0.441938,0.433507,0.005692
0.237697,0.418006,0.005692
0.145565,0.689369,0.005692
0.463813,0.447890,0.005692
0.135827,0.207623,0.005692
0.597401,0.639647,0.005692
0.155128,0.214933,0.005692
0.462393,-0.743709,0.801944
0.165425,-0.743709,0.228689
0.837400,0.477035,1.457020
-0.896843,0.692829,0.206016
-0.896843,0.486440,0.579153
-0.896843,0.339752,0.032394
-0.896843,0.639452,0.207665
0.659550,0.410277,0.005692
0.777580,0.235492,0.005692
0.394358,0.181863,0.005692
0.582159,0.163984,0.005692
0.263317,-0.254901,0.005692
0.343772,-0.239453,0.005692
0.594821,-0.270782,0.005692
0.404939,-0.426147,0.005692
0.607564,-0.215963,0.005692
0.297759,-0.269472,0.005692
0.564418,-0.303561,0.005692
0.194857,-0.446342,0.005692
0.435600,-0.743709,0.204671
0.567657,-0.743709,0.382827
0.333008,-0.743709,0.415194
0.474313,-0.743709,0.556518
0.622439,-0.743709,0.684954
0.632282,-0.743709,0.211827
0.637046,-0.743709,1.036789
0.643911,-0.743709,0.650857
0.631590,-0.743709,1.019345
0.771470,-0.743709,0.494030
-0.709243,0.698091,0.393532
-0.716276,0.698091,0.411067
-0.623294,0.698091,0.227070
-0.436348,0.698092,0.377248
-0.771708,0.698093,1.139183
-0.398517,0.698092,0.149609
-0.579025,0.698092,0.582310
-0.777971,0.698092,0.836180
-0.429425,0.698092,0.191116
0.232560,0.698093,0.561154
0.073192,0.698093,0.266330
-0.519738,0.698091,0.007831
0.572732,0.698091,0.224287
0.283948,0.698092,0.198987
0.663527,0.698092,0.851668
0.454690,0.698093,0.717648
0.768435,0.698090,0.050923
0.618117,0.698093,1.043311
0.673947,0.698091,0.398413
0.776130,0.698090,0.030362
0.459172,0.698092,0.422123
0.794346,0.698092,1.005349
0.630100,-0.709010,0.005692
0.833076,-0.287518,0.005692
0.641536,-0.680162,0.005692
0.244993,-0.658595,0.005692
0.657139,-0.461361,0.005692
0.802105,-0.295791,0.005692
0.241134,-0.693457,0.005692
0.649735,-0.705144,0.005692
0.833320,-0.639299,0.711845
0.833320,-0.433686,0.174659
0.833320,-0.298434,0.368510
0.833320,-0.598814,0.315887
0.833320,-0.539913,0.503588
-0.139906,0.698093,0.884231
0.181984,0.698093,1.158614
-0.100459,0.698093,0.882996
-0.549421,0.698093,1.233333
0.179091,0.698093,0.780170
0.640227,0.698093,1.252424
-0.109527,0.698093,1.080292
-0.146753,0.698093,0.438601
-0.531705,0.698093,1.225262
0.375430,0.698093,1.156947
-0.425508,0.698093,1.413606
0.061338,0.698093,0.958661
0.550961,0.698093,1.228471
-0.825911,0.698093,1.384832
-0.045269,0.698093,0.637170
0.063050,0.698093,0.503821
0.343964,0.698093,0.915881
0.833320,0.117534,0.587470
0.833320,-0.045338,0.419953
0.833320,-0.328898,0.747032
0.833320,0.275547,1.388411
0.833320,0.076885,1.001133
0.833320,-0.092604,1.131664
0.833320,-0.076455,0.392136
0.833320,-0.044893,0.754772
0.833320,0.107349,0.592308
0.833320,0.285492,0.955744
0.833320,0.225443,1.144274
0.833320,0.207081,0.403022
0.833320,0.521077,0.939034
0.833320,0.639791,1.202881
0.833320,0.454088,0.735456
0.833320,0.422041,0.746134
0.833320,0.527748,0.952400
0.833320,0.564191,0.550566
0.833320,-0.278411,0.406014
0.833320,0.131726,0.389308
-0.569017,-0.213017,0.005692
-0.887961,-0.453371,0.005692
-0.325395,-0.201663,0.005692
-0.885565,-0.466979,0.005692
-0.809382,-0.690490,0.005692
-0.404779,-0.714206,0.005692
-0.827253,-0.705083,0.005692
-0.450578,-0.443999,0.005692
-0.385051,-0.673366,0.005692
-0.896843,-0.729383,0.981353
-0.896843,-0.452459,0.455997
-0.896843,-0.712054,0.774566
-0.896843,-0.642437,0.576533
-0.896843,-0.358967,0.251264
-0.478960,-0.743709,0.508676
-0.327484,-0.743709,0.152735
-0.896843,0.417432,1.065698
-0.896843,-0.019029,0.559338
-0.896843,-0.389757,1.441757
-0.896843,0.196095,1.193935
-0.896843,-0.266600,1.072791
-0.896843,-0.074086,1.015876
-0.896843,-0.571452,1.283483
-0.896843,0.028175,0.590618
-0.896843,0.152058,1.186107
-0.896843,-0.265322,1.062270
-0.896843,-0.243797,0.674020
-0.078128,-0.743709,0.960673
0.393178,-0.743709,0.991551
0.010432,-0.743709,0.758410
0.407928,-0.743709,1.036371
-0.496984,-0.743709,1.178830
0.638460,-0.743709,1.456700
-0.523101,-0.743709,0.864960
-0.519422,-0.743709,0.912047
-0.284711,-0.743709,0.396797
-0.488491,-0.743709,1.185316
-0.528985,-0.743709,0.854547
0.088825,-0.743709,1.451380
-0.177189,-0.743709,1.424116
-0.091863,-0.743709,0.507760
-0.429449,-0.743709,0.685605
0.408970,-0.743709,0.998140
-0.734676,-0.743709,1.222128
0.465213,-0.743709,1.282395
0.289397,-0.743709,1.245428
0.009539,-0.743709,1.150112
0.238877,-0.743709,1.191472
-0.757899,-0.743709,1.247866
0.058284,-0.743709,0.007416
-0.110605,-0.743709,0.262490
0.136934,-0.743709,0.410052
0.115354,-0.743709,0.415803
0.244406,-0.743709,0.697969
-0.896843,0.440934,1.056807
-0.896843,-0.000005,0.261767
-0.898262,0.131072,1.456979
-0.896843,0.229740,0.379369
0.439479,-0.743709,0.752503
0.207444,-0.743709,0.207100
-0.905252,-0.630410,1.456978
-0.896843,0.527412,0.051268
-0.896843,0.625746,0.996821
-0.896843,0.470066,0.568759
-0.896843,0.423080,0.211645
-0.896843,0.263160,0.396684
0.437487,-0.743709,0.013175
0.795959,-0.743709,0.865681
0.828663,-0.743709,0.090159
0.451733,-0.743709,0.538472
-0.877006,0.698091,0.648515
-0.635949,0.698091,0.216194
-0.663749,0.698091,0.164050
-0.573620,0.698093,0.822082
-0.841258,0.698091,0.631435
0.045530,0.698093,0.294516
0.230282,0.698093,0.567685
-0.813130,0.698090,0.009550
0.472379,0.698092,0.650166
0.609007,0.698093,1.049861
0.825807,0.698090,0.215341
0.594385,0.698091,0.216288
0.444105,0.698092,0.399795
0.416491,0.698092,0.446650
0.292389,0.698092,0.204960
0.460927,0.698093,0.684828
0.833320,-0.629936,0.669544
0.833320,-0.444006,0.209290
0.833320,-0.740907,0.130139
0.833320,-0.508063,0.502843
0.833320,-0.332351,0.412740
0.833320,-0.620631,0.313761
0.833320,-0.527495,0.921925
0.833320,-0.338229,0.417023
-0.333987,0.698093,1.093953
-0.337060,0.698093,0.590562
0.184383,0.698093,0.758633
-0.035997,0.698093,0.659732
-0.838898,0.698093,1.423025
-0.339658,0.698093,0.885932
0.201834,0.698093,1.425090
0.310324,0.698093,0.931311
-0.521484,0.698093,1.035121
-0.328593,0.698093,0.568459
0.021595,0.698093,1.453744
0.386049,0.698093,1.166973
0.833320,-0.510959,1.199256
0.833320,-0.274631,1.271978
0.833320,-0.201390,1.264434
0.833320,-0.157121,0.580441
0.833320,0.226988,1.195512
0.833320,-0.311348,1.010963
0.833320,0.441589,1.135286
0.833320,0.219468,0.746052
0.833320,-0.247340,1.254328
0.833320,0.445202,1.155320
0.833320,0.203476,0.760912
0.833320,-0.096395,1.442400
0.833320,0.329268,0.930912
0.833320,0.502305,1.400997
0.833320,0.080481,0.594272
0.833320,0.490924,0.185275
0.833320,0.270733,0.184208
0.833320,0.438952,0.747289
0.833320,0.317974,0.557942
0.833320,0.675962,1.217560
0.833320,0.545229,0.558437
0.833320,0.487069,0.385829
0.833320,0.650632,0.758719
0.833320,0.657027,0.253106
0.833320,-0.179204,0.209396
0.833320,-0.550801,0.997032
0.833320,-0.147571,0.184506
0.833320,0.046149,0.211918
0.841428,0.099514,1.457018
-0.031932,-0.524838,0.000000
0.222353,0.476655,0.000000
0.383182,0.220375,0.000000
0.398745,0.248731,0.000000
0.015583,0.496077,0.000000
0.638203,0.585164,0.000000
0.382830,0.681366,0.000000
0.618263,0.364658,0.000000
0.818669,0.490164,0.000000
0.471741,-0.019573,0.000000
0.185608,-0.455985,0.000000
0.604293,-0.667258,0.000000
0.202604,-0.441367,0.000000
0.592128,0.175074,0.000000
0.242582,-0.692343,0.000000
0.706105,0.046242,0.000000
0.822279,0.472683,0.000000
0.405580,-0.441267,0.000000
0.817293,-0.526843,0.000000
-0.543576,0.460912,0.000000
-0.701924,0.386889,0.000000
-0.248483,-0.267328,0.000000
-0.513421,0.236069,0.000000
-0.186878,0.428712,0.000000
-0.331366,0.233216,0.000000
-0.246491,0.439661,0.000000
-0.554288,0.678043,0.000000
-0.478146,0.466986,0.000000
-0.251340,-0.273218,0.000000
-0.512015,0.210908,0.000000
-0.280465,0.620903,0.000000
-0.333755,0.057569,0.000000
-0.315297,0.628128,0.000000
-0.475873,0.422850,0.000000
-0.299857,0.686574,0.000000
-0.766659,0.678507,0.000000
-0.307603,0.274734,0.000000
-0.555229,0.246660,0.000000
-0.556349,0.693870,0.000000
-0.214308,0.453028,0.000000
0.579574,0.601146,0.000000
0.445578,0.479964,0.000000
0.096883,-0.043864,0.000000
-0.015288,-0.278209,0.000000
0.388436,0.683071,0.000000
0.260415,0.006307,0.000000
0.116663,0.242438,0.000000
0.249294,0.396803,0.000000
0.789937,0.685454,0.000000
-0.692326,-0.404340,0.000000
-0.627597,-0.666234,0.000000
-0.150437,-0.747156,0.000000
-0.189905,-0.730433,0.000000
-0.870924,0.511027,0.000000
-0.542284,0.013525,0.000000
-0.527285,0.012325,0.000000
-0.382105,-0.719475,0.000000
-0.716954,-0.391511,0.000000
-0.888367,-0.229782,0.000000
-0.851380,0.278076,0.000000
-0.537998,-0.195721,0.000000
-0.750514,-0.127702,0.000000
-0.726342,0.113408,0.000000
-0.577432,-0.737417,0.000000
-0.454180,-0.395513,0.000000
-0.524297,-0.497958,0.000000
-0.902591,-0.680480,0.000000
0.590932,-0.254249,0.000000
0.835276,0.482798,0.000000
0.784325,0.260947,0.000000
0.769044,-0.551827,0.000000
0.828079,-0.098059,0.000000
0.837194,0.196338,0.000000
0.314109,-0.271328,0.000000
0.208314,-0.477574,0.000000
0.032529,-0.705366,0.000000
0.727741,-0.487687,0.000000
0.794591,-0.293150,0.000000
0.467187,-0.531522,0.000000
0.693345,-1.082763,1.125420
0.714198,-1.078138,1.130045
0.824071,-0.953504,1.254680
0.380832,-0.909047,1.299137
0.546242,-0.969864,1.238320
0.822967,-0.908982,1.299202
0.736965,-0.921057,1.287127
0.647127,-0.771840,1.436345
-0.001953,-1.001853,1.206331
0.737727,-0.944647,1.263537
0.797410,-1.235572,0.972611
-0.861829,-1.262091,0.958721
0.141444,-1.256659,0.964153
0.816816,-1.236090,0.984722
0.125991,-1.107680,1.113132
-0.120282,-1.137346,1.083466
-0.487669,-1.272626,0.948186
0.112609,-1.129359,1.091453
0.530830,-0.981356,1.239456
0.361776,-1.242465,0.978347
0.142892,-1.125944,1.094868
0.324301,-1.056302,1.164510
-0.103041,-1.125145,1.095667
0.026920,-0.754695,1.460284
-0.419420,-1.078521,1.129662
-0.662923,-1.262594,0.945589
-0.897668,-1.131884,1.076299
0.598315,-1.261847,0.946336
0.351122,-1.226260,0.981923
-0.639668,-1.091810,1.116374
-0.274446,-1.222334,0.985849
-0.624723,-0.928448,1.279735
-0.366513,-0.912039,1.296145
0.316129,-0.782735,1.438077
-0.862044,-0.836707,1.384105
-0.728840,-0.929805,1.291007
-0.631616,-0.771206,1.449606
-0.893595,-0.998818,1.221994
-0.894081,-1.264705,0.956107
-0.159755,-0.937300,1.283512
-0.905253,-1.010704,1.210108
-0.341976,-0.918598,1.302214
-0.604419,-0.964692,1.256120
-0.906075,-1.248600,0.970863
0.310889,-1.026968,1.181215
0.315795,-0.755681,1.452504
-0.152629,-0.757176,1.451008
0.531545,-0.993868,1.214316
0.833497,-0.779874,1.428310
0.666895,-0.797302,1.410882
0.711425,-1.074034,1.134149
-0.072373,-0.956535,1.251649
0.192466,-0.904635,1.303549
-0.358395,-0.753885,1.454299
0.139721,-1.256354,0.964458
0.732282,-1.097737,1.123076
0.808167,-1.228156,0.992656
0.537335,-0.998487,1.222326
-0.105323,-1.149296,1.071516
-0.258308,-1.257518,0.963294
-0.480372,-1.214612,1.006200
0.547103,-1.243225,0.977587
0.300563,-1.057232,1.163581
0.160299,-1.270117,0.950695
-0.028282,-1.262559,0.958253
-0.897397,-0.809964,1.398220
-0.122640,-1.110514,1.097669
-0.901428,-0.994772,1.213412
0.396999,-1.173838,1.034345
-0.647435,-1.089853,1.118330
-0.248070,-1.252555,0.955628
-0.270092,-1.238900,0.969283
0.628298,-1.238223,0.969960
-0.321785,-1.072405,1.135779
-0.671096,-1.221440,0.986743
-0.056677,-0.932456,1.288356
-0.671640,-1.098511,1.122301
-0.610317,-0.774903,1.445909
-0.568478,-0.980664,1.240148
-0.655818,-1.101667,1.119145
-0.383688,-1.069005,1.151807
0.147230,-0.884272,1.336541
-0.390247,-0.779027,1.441785
0.380846,-0.759920,1.460892
-0.401570,-0.914019,1.306793
-0.812258,-0.789791,1.431021
-0.400794,-0.758729,1.462083
0.166945,-0.906455,1.314357
-0.350454,-1.087913,1.132899
-0.906075,-1.009339,1.204017
0.147907,1.003274,1.172061
0.524981,0.976615,1.198720
0.656200,0.892399,1.282936
0.691613,0.882920,1.292414
0.441466,0.862816,1.312518
-0.426241,0.761049,1.414285
0.150476,1.019003,1.156331
-0.073928,0.854270,1.321064
-0.057568,0.892228,1.283107
0.457470,0.829497,1.333209
-0.080224,1.042003,1.120702
-0.234916,1.191725,0.970981
0.257433,1.207683,0.955022
0.275216,0.890837,1.271869
-0.055014,1.044519,1.118187
0.679462,0.877485,1.285221
0.528545,1.019773,1.142932
0.201993,1.174536,0.988169
0.538659,1.200944,0.961761
0.731967,1.207657,0.955048
-0.616816,0.705944,1.457394
-0.739339,0.888085,1.287249
-0.257551,1.191803,0.983532
0.492515,1.173701,1.001634
-0.556672,1.181312,0.994023
-0.297193,1.053426,1.121909
-0.342516,1.045853,1.129481
0.523888,1.191083,0.984252
-0.580238,1.176901,0.998434
-0.232005,0.739483,1.423223
-0.802726,1.177610,0.985095
-0.852847,0.709296,1.453409
-0.644006,0.722228,1.440477
-0.895022,1.056338,1.106367
0.615608,0.721124,1.441581
-0.273312,0.900896,1.261809
-0.746963,0.890094,1.272611
-0.029050,0.903233,1.272101
0.643339,0.729320,1.446014
0.216392,0.741072,1.434263
-0.222457,0.724937,1.450397
-0.437477,0.722859,1.452475
-0.235533,0.738246,1.437088
0.448778,0.845260,1.330074
0.697786,1.071273,1.104061
0.334430,1.033711,1.141624
0.836939,0.740321,1.435014
0.015223,0.730963,1.444372
-0.024806,1.223444,0.944455
-0.093569,1.069478,1.093227
-0.807162,1.207393,0.955312
0.679587,1.086167,1.076539
0.836660,1.183492,0.979213
0.817971,1.196649,0.966056
0.333493,1.059460,1.103245
-0.087037,1.065120,1.097585
0.320385,1.212749,0.949956
-0.559021,1.202948,0.959757
0.810709,0.968610,1.194095
0.350588,1.035207,1.127499
0.752989,1.036068,1.126637
0.255297,0.884283,1.278423
0.131569,1.006279,1.156427
0.511178,0.974266,1.188439
0.217729,0.708226,1.459676
-0.493889,0.935867,1.239468
0.787552,1.223027,0.952307
-0.895198,0.997002,1.178332
-0.903808,0.983835,1.191499
0.005408,1.192501,0.982833
-0.014251,1.209084,0.966251
0.134509,1.035933,1.139401
0.540089,1.184806,0.990529
-0.322130,1.052528,1.122806
-0.542858,1.177369,0.997965
-0.657868,1.018048,1.157287
-0.228954,1.209903,0.965431
-0.782259,1.177651,0.997683
-0.622214,1.034420,1.140914
-0.003001,1.194263,0.981072
-0.320761,1.197454,0.977880
0.587956,0.711569,1.463018
-0.509254,0.933314,1.229392
-0.652199,1.011700,1.151005
-0.307002,0.877531,1.285175
-0.337885,1.020066,1.142639
-0.507893,0.927955,1.234751
-0.612866,0.738923,1.423783
-0.819669,0.866655,1.296051
-0.262368,0.888509,1.274197
-0.023160,0.715961,1.446744
0.249699,0.875040,1.287665
-0.031403,0.708389,1.454317
-0.078359,0.879614,1.283092
-0.906019,1.046199,1.127928
-1.494773,0.666116,0.966305
-1.501361,-0.171665,0.960814
-1.485935,-0.692526,0.973670
-1.120699,0.080230,1.278033
-1.053779,0.047232,1.333800
-0.950939,-0.124559,1.419500
-1.508824,0.705680,0.966663
-1.191751,-0.093997,1.231452
-1.153512,0.387511,1.263319
-1.057342,-0.298093,1.343460
-1.337544,0.459582,1.109958
-1.351771,0.475419,1.098102
-1.161954,0.108842,1.256283
-1.019725,0.291974,1.374808
-0.945904,-0.135637,1.436325
-1.016658,0.251592,1.377364
-1.041248,-0.506807,1.356872
-1.073976,-0.702205,1.329598
-1.363786,0.210021,1.088090
-1.261454,-0.686422,1.173366
-1.510989,-0.484699,0.965421
-1.079704,-0.680456,1.324825
-1.175194,-0.141584,1.245250
-1.322222,-0.006155,1.122726
-1.516855,0.137534,0.960532
-1.347231,0.212057,1.101886
-1.503636,0.369016,0.971548
-0.908274,-0.583266,1.458917
-1.190536,0.685599,1.219835
-1.335847,0.703036,1.098743
-1.323008,0.260168,1.109442
-1.011328,0.617034,1.369175
-1.133688,0.391539,1.267208
-0.908804,-0.391858,1.454612
-1.227858,-0.740921,1.188733
-1.152792,-0.146453,1.251289
-1.407729,-0.713850,1.038841
-1.313676,-0.220409,1.117219
-1.337924,-0.437146,1.097012
-1.332481,-0.428231,1.101548
-1.510446,0.705680,0.955660
-1.171298,-0.143667,1.248496
-0.914039,0.391540,1.462880
-1.147903,0.453843,1.267993
-1.201070,0.107769,1.223686
-0.924581,0.443415,1.454094
-1.509458,0.655837,0.966696
-1.329881,0.447449,1.116344
-1.047731,0.704583,1.351469
-1.355784,0.669545,1.094758
-0.937024,0.432274,1.443725
-1.038129,0.276580,1.359471
-1.496219,0.149187,0.965099
-1.483731,0.108869,0.975506
-1.468564,0.367186,0.988145
-1.504010,-0.069697,0.958608
-1.484324,-0.284592,0.987641
-1.506990,0.396870,0.968753
-1.078882,-0.477555,1.325510
-1.198285,-0.374300,1.226008
-1.190116,-0.493666,1.232815
-1.092772,-0.696449,1.313935
-1.486256,-0.304260,0.986031
-1.351878,0.003798,1.098013
-1.361723,-0.183873,1.089809
-1.479183,-0.734367,0.991926
-1.344201,-0.465502,1.104410
-0.912537,-0.620949,1.462469
-1.529195,-0.352850,0.945913
-1.030862,0.628303,1.352896
-1.344544,0.679915,1.091495
-1.255263,-0.751298,1.169794
-1.442565,-0.721913,1.009811
-1.321969,0.023866,1.110308
-0.914163,-0.390575,1.450147
-1.054132,-0.295756,1.333506
-1.332783,-0.426028,1.101296
-1.336389,-0.206693,1.098291
-0.923645,-0.109999,1.442246
1.444449,0.074395,0.955293
1.441699,0.349007,0.957584
1.419168,-0.234621,0.976361
1.429032,0.399782,0.968140
1.447948,0.528716,0.952377
1.246686,-0.118112,1.120095
1.421410,-0.751298,0.980181
1.038084,-0.196201,1.306559
0.978252,0.148757,1.356420
0.859579,-0.726974,1.455314
1.073785,-0.717108,1.276808
0.852741,-0.734552,1.461012
0.904299,-0.077708,1.418047
1.234791,-0.356796,1.142637
0.894472,-0.122810,1.426236
1.108361,-0.009824,1.247995
1.136701,0.169146,1.224378
1.464554,0.365637,0.951167
1.029542,0.644697,1.313678
1.294733,-0.104645,1.092685
1.361502,0.677581,1.037044
1.205657,0.526086,1.166915
1.435259,-0.233083,0.975580
1.255805,0.346548,1.125125
1.429155,0.012341,0.980666
1.438674,-0.210605,0.972734
1.457306,-0.444612,0.957208
1.029313,0.635085,1.313868
1.240484,-0.350706,1.125264
1.235191,-0.345612,1.129675
1.231044,-0.552390,1.133131
1.258876,-0.566412,1.109937
1.391151,0.705680,1.011727
1.060619,-0.449642,1.275151
1.086449,-0.449404,1.253626
1.038459,-0.245368,1.293618
0.867216,-0.343488,1.436320
1.067989,0.705680,1.272042
1.012056,0.391454,1.315619
1.199197,0.606101,1.159669
0.886447,0.495183,1.420294
1.203210,0.581348,1.156325
1.030146,0.690352,1.300545
0.848358,0.101371,1.452034
1.228042,0.530233,1.135632
1.343038,0.687029,1.039802
0.996341,0.155061,1.328715
1.000217,0.161921,1.325485
1.273781,0.324750,1.097516
1.123785,-0.746420,1.235142
1.272723,-0.748952,1.111026
1.442671,-0.705580,0.969403
1.021881,-0.223038,1.320062
1.231326,-0.569389,1.145524
1.075856,-0.429148,1.275082
1.049962,-0.012553,1.296661
0.880148,0.473599,1.438173
1.105726,-0.701495,1.250191
1.438005,-0.711940,0.973292
0.890913,-0.325560,1.429202
1.422469,0.039360,0.973610
1.434119,-0.231628,0.963901
1.129406,0.250322,1.230458
0.854797,0.703953,1.459299
1.312697,0.149757,1.077715
1.035372,0.408431,1.308819
1.267666,-0.052356,1.115241
1.463294,-0.485183,0.952217
1.452934,0.080104,0.960850
1.430498,-0.528359,0.979548
0.848910,0.283662,1.462487
1.029049,-0.669441,1.301460
1.266718,-0.360688,1.103403
1.085818,-0.190488,1.254152
1.071465,-0.476079,1.266113
1.378744,0.703483,1.010047
1.267820,-0.073986,1.102484
1.032283,0.446706,1.298764
0.865478,0.700637,1.437768
1.149439,0.171104,1.201135
1.255154,0.306564,1.113039
0.851117,-0.120334,1.449735
-0.905948,-0.129515,1.222119
-0.905948,-0.060404,1.224681
-0.905948,-0.052261,1.250482
-0.905948,0.098102,1.441605
-0.905948,-0.087816,1.435521
-0.905948,0.133917,0.941336
-0.905948,-0.022314,1.042221
-0.905948,0.186297,0.955151
-0.905948,0.610691,0.981444
-0.905948,-0.161778,1.232771
-0.905948,0.693679,0.435163
-0.905948,0.700419,1.006493
-0.905948,0.675374,0.410822
-0.905948,0.667719,0.450769
-0.905948,0.120026,1.444920
-0.905948,0.143560,1.178037
-0.905948,0.530881,1.262248
-0.905948,0.441085,1.272265
-0.905948,0.379868,1.068758
-0.905948,0.472117,0.393570
-0.905948,-0.386975,1.226586
-0.905948,0.269461,0.596280
-0.905948,0.443608,0.281619
-0.905948,-0.383905,1.215543
-0.905948,-0.392351,1.228127
-0.905948,0.165730,0.734698
-0.905948,0.151547,0.733545
-0.905948,-0.261712,1.073498
-0.905948,0.483328,0.373035
-0.905948,-0.535403,0.899774
-0.905948,0.200340,0.203513
-0.905948,-0.739349,0.974344
-0.905948,0.039468,0.043171
-0.905948,-0.738196,1.020650
-0.905948,-0.616946,0.538605
-0.905948,-0.473474,0.714793
-0.905948,-0.226904,0.666618
-0.905948,0.033093,0.310206
-0.905948,-0.675007,0.763920
-0.905948,-0.179663,0.451786
-0.905948,-0.034252,0.250434
-0.905948,0.222789,0.192050
-0.905948,0.282704,0.008202
-0.905948,-0.213091,0.067317
-0.905948,-0.518942,0.894299
-0.905948,-0.146952,0.084120
-0.905948,-0.439909,0.044854
-0.905948,-0.750164,0.176397
-0.905948,-0.252473,0.646411
-0.905948,-0.193817,0.427787
-0.905948,0.079053,0.011439
-0.905948,-0.588484,0.321348
-0.905948,0.010894,0.348503
-0.905948,-0.744156,0.995827
-0.905948,-0.506266,0.958093
-0.905948,0.020740,0.570411
-0.905948,0.043035,0.000007
-0.905948,-0.323150,0.250700
-0.905948,-0.571107,1.205528
-0.905948,0.222485,0.422227
-0.905948,0.204271,0.407030
-0.905948,-0.492558,0.713297
-0.905948,-0.744473,0.761670
-0.905948,0.002975,0.572006
-0.905948,0.196867,0.163761
-0.905948,0.526481,0.044767
-0.905948,-0.422294,0.720527
-0.905948,0.684235,0.216117
-0.905948,0.393757,1.077792
-0.905948,0.536968,0.587981
-0.905948,0.524465,0.774264
-0.905948,0.528179,0.787732
-0.905948,0.498352,0.800117
-0.905948,0.624021,0.227162
0.004476,0.705680,1.233134
0.015447,0.705680,1.242551
0.598475,0.705680,1.058054
-0.128062,0.705680,1.076530
-0.120142,0.705680,1.102730
0.342448,0.705680,0.969271
-0.215880,0.705680,1.331867
0.116277,0.705680,0.985998
0.328555,0.705680,0.956834
0.782723,0.705680,0.977615
0.835442,0.705680,0.722020
0.629721,0.705680,1.439082
0.403357,0.705680,1.431380
0.379545,0.705680,1.170091
0.183618,0.705680,1.151895
0.174122,0.705680,1.155634
0.590302,0.705680,1.231202
0.243440,0.705680,0.575529
0.182000,0.705680,0.774310
-0.315166,0.705680,1.073843
-0.112903,0.705680,0.876937
-0.600769,0.705680,1.237353
-0.355423,0.705680,1.127243
0.098728,0.705680,0.944160
0.492403,0.705680,0.446646
0.549599,0.705680,0.869095
-0.714100,0.705680,0.405335
-0.779524,0.705680,0.848932
0.182851,0.705680,0.056382
0.245173,0.705680,0.382628
-0.334801,0.705680,0.889752
-0.862194,0.705680,0.629375
-0.482353,0.705680,0.391366
-0.574979,0.705680,0.796359
-0.623382,0.705680,0.585076
0.380592,0.705680,0.006900
-0.260871,0.705680,0.272457
0.302803,0.705680,0.209809
-0.156454,0.705680,0.476256
-0.421554,0.705680,0.152161
0.068104,0.705680,0.320393
-0.011149,0.705680,0.673732
-0.148494,0.705680,0.464090
-0.599526,0.705680,0.602742
-0.791139,0.705680,1.158363
-0.575327,0.705680,0.558337
-0.110539,0.705680,0.436944
-0.817660,0.705680,0.014908
0.035564,0.705680,0.303580
-0.793166,0.705680,0.826509
-0.587517,0.705680,0.802275
-0.385020,0.705680,0.806348
-0.594652,0.705680,1.044382
-0.464925,0.705680,0.408971
-0.593405,0.705680,1.028242
-0.793735,0.705680,1.196251
-0.221311,0.705680,0.226384
-0.780404,0.705680,1.163827
-0.332578,0.705680,0.583798
-0.471298,0.705680,0.390063
-0.208547,0.705680,0.708988
-0.211519,0.705680,0.258830
0.511938,0.705680,0.205834
0.400043,0.705680,0.733011
0.660772,0.705680,0.569745
0.641289,0.705680,0.809100
0.714533,0.705680,0.392981
0.661329,0.705680,0.601391
-0.152057,-0.751298,1.416473
0.037275,-0.751298,1.410571
0.641235,-0.751298,1.050884
0.180567,-0.751298,0.912928
-0.241389,-0.751298,1.226702
-0.617522,-0.751298,1.418246
-0.181847,-0.751298,1.420010
-0.419302,-0.751298,1.398531
-0.183039,-0.751298,1.187509
0.775828,-0.751298,0.862712
0.815212,-0.751298,0.536193
0.247586,-0.751298,1.250679
0.473158,-0.751298,1.258639
0.525383,-0.751298,1.280528
0.478562,-0.751298,1.275757
0.080504,-0.751298,1.099997
0.638912,-0.751298,0.190885
0.202045,-0.751298,0.694031
0.223724,-0.751298,0.594091
-0.535456,-0.751298,1.197144
-0.378111,-0.751298,1.076556
0.639826,-0.751298,0.204004
0.541913,-0.751298,0.378995
0.165479,-0.751298,0.902288
-0.085101,-0.751298,0.962695
-0.199605,-0.751298,0.807055
-0.513710,-0.751298,0.191188
0.324654,-0.751298,0.383713
0.063418,-0.751298,0.057009
0.448466,-0.751298,0.128040
-0.519816,-0.751298,0.197230
-0.619200,-0.751298,0.384854
-0.689281,-0.751298,1.006474
-0.813501,-0.751298,0.405533
-0.679456,-0.751298,1.012288
0.119956,-0.751298,0.431919
0.430036,-0.751298,0.152266
0.096206,-0.751298,0.403053
-0.285610,-0.751298,0.326361
-0.901530,-0.751298,0.216189
-0.668551,-0.751298,0.631380
-0.842330,-0.751298,1.218489
-0.461399,-0.751298,0.510594
-0.499146,-0.751298,0.205395
-0.187814,-0.751298,0.001993
-0.287905,-0.751298,0.329345
-0.719815,-0.751298,0.814437
-0.227460,-0.751298,0.812973
-0.117606,-0.751298,0.183618
0.035580,-0.751298,0.004480
-0.691198,-0.751298,0.639885
-0.456908,-0.751298,0.513870
-0.038857,-0.751298,0.268885
-0.190749,-0.751298,0.000181
-0.663908,-0.751298,1.043648
-0.713434,-0.751298,0.144164
0.220780,-0.751298,0.184348
-0.508082,-0.751298,0.886896
-0.867050,-0.751298,1.211421
0.634637,-0.751298,1.075936
0.716788,-0.751298,0.842401
0.469488,-0.751298,0.787832
0.621257,-0.751298,0.684723
0.596354,-0.751298,0.384872
0.761773,-0.751298,0.472952
0.842426,-0.030275,1.249057
0.842426,0.046385,1.257289
0.842426,-0.531451,0.978618
0.842426,-0.526732,0.933382
0.842426,0.219092,1.165351
0.842426,0.285566,1.393660
0.842426,-0.092164,1.077317
0.842426,-0.303492,1.064288
0.842426,-0.723693,1.242269
0.842426,-0.748871,1.060925
0.842426,-0.720861,1.172851
0.842426,-0.724804,1.136226
0.842426,0.233691,1.168886
0.842426,-0.528785,1.407572
0.842426,-0.315480,1.442437
0.842426,-0.565326,1.380747
0.842426,-0.448119,1.215503
0.842426,-0.455074,1.185103
0.842426,-0.332044,0.713549
0.842426,0.091392,0.910095
0.842426,-0.150785,0.904676
0.842426,-0.197606,0.873873
0.842426,-0.167917,0.910587
0.842426,-0.192546,0.595870
0.842426,0.076146,0.932916
0.842426,0.654124,1.201300
0.842426,-0.185229,0.164278
0.842426,0.437031,0.747517
0.842426,0.333343,0.587888
0.842426,0.695745,0.318812
0.842426,0.645170,0.772269
0.842426,0.256199,0.173139
0.842426,0.229231,0.751995
0.842426,0.076102,0.190358
0.842426,0.689405,1.213818
0.842426,0.354047,0.558228
0.842426,-0.396805,0.162302
0.842426,0.462120,0.207978
0.842426,-0.170216,0.567222
0.842426,0.695373,0.730534
0.842426,0.269212,0.207474
0.842426,0.448214,1.150655
0.842426,0.637369,0.526508
0.842426,-0.065106,0.391152
0.842426,0.698468,0.972845
0.842426,0.465222,0.411001
0.842426,0.071659,0.144612
0.842426,0.455774,1.155236
0.842426,0.305326,0.916160
0.842426,0.458811,0.403431
0.842426,-0.296050,1.078710
0.842426,-0.335231,0.763807
0.842426,-0.355521,0.736041
0.842426,-0.660999,0.699669
0.842426,-0.507017,0.478586
0.842426,-0.533037,0.721874
0.842426,-0.709673,0.113661
0.842426,-0.613166,0.333760
0.842426,-0.728822,0.048800
