0.041010,0.754814,0.157528
0.362339,0.758159,0.181328
0.021942,0.581113,0.229384
0.152505,0.242063,0.229384
0.236394,0.756849,0.345531
-0.370654,0.727931,0.337268
-0.370440,0.707290,0.332745
-0.364725,0.158337,0.313107
0.412202,0.598711,0.151279
0.114044,0.484558,0.151279
0.268671,0.322620,0.151279
0.272771,0.287166,0.151279
0.212914,0.593386,0.151279
0.417151,0.130003,0.151279
-0.104593,0.606693,0.151279
0.270431,0.177741,0.151279
0.376771,0.547928,0.151279
-0.109050,0.594571,0.151279
-0.256191,0.744302,0.151279
0.141833,0.121892,0.151279
0.156023,-0.012211,0.151279
0.014626,0.294287,0.151279
-0.253361,0.196223,0.151279
-0.354504,0.528382,0.151279
-0.066337,0.137611,0.151279
-0.254835,0.034558,0.151279
-0.232868,0.034670,0.151279
0.090873,0.135494,0.151279
-0.165237,0.306017,0.151279
0.016938,0.283588,0.151279
-0.377730,0.298839,0.204936
-0.377690,0.294990,0.163096
-0.375571,0.091419,0.177870
-0.379913,0.508559,0.348061
0.188809,0.143081,0.358323
0.288172,0.573895,0.358323
-0.216231,0.732494,0.358323
-0.082596,0.520691,0.358323
-0.369527,0.528210,0.358323
-0.349638,0.126054,0.358323
-0.091538,0.053459,0.358323
-0.042660,0.251287,0.358323
0.380701,0.298418,0.358323
0.247687,0.346748,0.358323
0.428193,0.161920,0.335255
0.428255,0.155964,0.351293
0.423100,0.651246,0.348657
0.428610,0.121901,0.157986
0.404684,0.156439,0.330040
-0.053356,0.695491,0.343364
0.013561,0.723755,0.343364
0.098892,0.606220,0.343364
0.056181,0.411852,0.343364
0.074145,0.384564,0.343364
-0.342176,0.126247,0.343364
0.197205,0.140058,0.343364
-0.155100,0.361829,0.343364
-0.038809,0.249398,0.343364
-0.365333,0.697713,0.343364
-0.230516,0.529929,0.343364
0.072355,0.128228,0.277307
0.261317,0.519332,0.348497
0.274543,0.443229,0.229384
1.539802,-0.159457,0.030584
1.520592,-0.177371,0.034614
0.311786,-1.304605,0.013807
0.199158,-1.409633,0.025849
0.967617,-0.693031,0.145400
0.095348,-1.506438,0.116447
0.114538,-1.488543,0.123820
1.087556,-0.003676,0.015146
-1.274897,-0.028292,0.079275
0.645819,-0.008279,0.013540
-0.563981,-0.020885,0.104219
0.880307,-0.005836,0.006445
-1.021412,-0.025651,0.060870
1.078216,-0.003774,0.016431
0.485898,-0.009945,0.059225
-0.073081,-0.015770,0.039029
-0.632895,-0.021603,0.150379
1.510226,0.000728,0.013914
-0.349229,-1.033125,0.002582
-1.182132,-0.139950,0.003020
-0.205794,-1.186940,0.012068
-0.219713,-1.172013,0.010135
-0.751040,-0.602237,0.018463
0.019880,-1.428945,0.031662
-1.012339,-0.322030,0.143051
-0.508334,-0.862506,0.134085
-0.290736,-1.095851,0.125200
-0.293770,-1.092597,0.121658
0.182227,-0.232239,0.000000
0.570188,-0.337181,0.000000
0.898013,-0.249666,0.000000
1.439648,-0.046029,0.000000
0.028345,-0.758617,0.000000
-1.027460,-0.049456,0.000000
0.134079,-0.614257,0.000000
-0.961919,-0.356093,0.000000
0.114980,-0.466181,0.000000
-0.759935,-0.524136,0.000000
-0.447060,-0.025090,0.000000
1.048322,-0.513093,0.000000
-0.063518,-1.275968,0.000000
0.294797,-0.060401,0.000000
-0.170026,-1.037939,0.000000
0.933458,-0.399124,0.000000
-1.049111,-0.244885,0.000000
-1.151777,-0.148154,0.000000
-0.133165,-0.152616,0.000000
-0.064316,-1.292977,0.000000
0.741582,-0.837384,0.000000
0.865346,-0.530507,0.000000
0.454531,-0.763054,0.000000
-0.088520,-0.180724,0.000000
-0.007491,-0.534828,0.000000
0.382209,-0.576274,0.000000
-0.470154,-0.358359,0.000000
0.547726,-0.923650,0.000000
0.351442,-0.571074,0.000000
-0.713205,-0.248531,0.000000
-0.125391,-0.868291,0.000000
0.302844,-0.775015,0.000000
0.623211,-0.769949,0.000000
0.949841,-0.699135,0.000000
0.929155,-0.661827,0.000000
-0.365608,-0.690301,0.000000
-0.354858,-1.006737,0.000000
-0.162201,-0.375464,0.000000
1.509251,-0.026346,0.000000
-0.236640,-0.736935,0.000000
-0.975570,-0.353816,0.000000
0.134434,-1.242677,0.000000
-0.598019,-0.462717,0.000000
-0.551718,-0.281993,0.000000
1.356424,-0.196167,0.000000
0.416765,-1.191413,0.000000
-0.658910,-0.388631,0.000000
-0.324631,-0.850144,0.000000
0.358300,-0.366253,0.000000
0.565681,-0.172762,0.000000
-0.186495,-1.032629,0.000000
0.395259,-1.169463,0.000000
0.286105,-0.100772,0.000000
-0.000871,-0.338867,0.000000
0.146471,-0.875483,0.000000
0.518181,-1.080527,0.000000
-0.197881,-1.012862,0.000000
0.344257,-0.587058,0.000000
0.766545,-0.829807,0.000000
0.781207,-0.681509,0.000000
-0.786888,-0.534784,0.000000
0.413158,-0.208219,0.000000
0.449594,-0.739235,0.000000
0.756591,-0.155023,0.000000
-0.627355,-0.652284,0.000000
0.006389,-0.556165,0.000000
-0.611822,-0.102413,0.000000
0.773901,-0.810563,0.569898
-0.318652,-0.685724,0.569898
-0.008580,-0.746723,0.569898
-0.436906,-0.786899,0.569898
0.638497,-0.738057,0.569898
0.406206,-0.755486,0.569898
-0.140814,-1.088986,0.569898
0.634172,-0.699539,0.569898
0.509373,-0.076375,0.569898
0.506154,-0.657844,0.569898
0.255917,-0.468969,0.569898
-0.206202,-0.405773,0.569898
0.258243,-0.725692,0.569898
1.146617,-0.128413,0.569898
0.414853,-0.228906,0.569898
0.446362,-0.451043,0.569898
-0.107802,-0.623299,0.569898
0.207432,-1.345454,0.569898
0.837204,-0.505426,0.569898
1.131638,-0.357704,0.569898
0.126460,-0.979507,0.569898
0.191656,-0.841335,0.569898
-0.139186,-0.250388,0.569898
1.087499,-0.533005,0.569898
0.325055,-0.959567,0.569898
0.288893,-1.201514,0.569898
-0.928894,-0.140622,0.569898
-0.051265,-0.963293,0.569898
0.833873,-0.678551,0.569898
0.376566,-1.003972,0.569898
-0.414818,-0.312905,0.569898
0.941362,-0.069242,0.569898
1.326058,-0.155218,0.569898
0.587177,-0.465215,0.569898
0.561609,-0.225873,0.569898
-0.516989,-0.189142,0.569898
-0.721792,-0.626974,0.569898
0.142966,-0.819158,0.569898
-0.305376,-0.948174,0.569898
-0.212579,-0.099824,0.569898
-0.367375,-0.026267,0.569898
0.648988,-0.010360,0.569898
0.347352,-0.589341,0.569898
-0.028191,-0.931862,0.569898
0.263360,-0.474600,0.569898
0.027561,-1.151106,0.569898
0.661783,-0.477551,0.569898
0.041349,-0.516754,0.569898
1.533233,0.000226,0.569898
-0.756247,-0.418327,0.569898
1.337597,-0.338735,0.569898
0.969328,-0.408224,0.569898
-0.037371,-0.132048,0.569898
-0.593103,-0.697419,0.569898
1.165280,-0.332995,0.569898
-0.653325,-0.099119,0.569898
0.272764,-0.333894,0.569898
-0.119916,-1.105832,0.569898
-0.020319,-0.959349,0.569898
0.820501,-0.520979,0.569898
-0.051696,-0.398002,0.569898
0.430230,-1.176532,0.569898
-1.115861,-0.209890,0.569898
0.737739,-0.348913,0.569898
0.990326,-0.391207,0.569898
0.274996,-0.191520,0.569898
0.215221,-0.674772,0.569898
0.404429,-0.257977,0.569898
0.067896,-1.163984,0.569898
1.335422,-0.324791,0.569898
-0.337816,-0.029984,0.569898
0.972975,-0.439774,0.569898
-0.168020,-1.090507,0.569898
-0.372065,-0.175098,0.569898
0.759346,-0.830901,0.569898
0.145144,-0.156803,0.569898
-0.194453,-0.419446,0.569898
-1.079368,-0.026255,0.528639
-0.852004,-0.023886,0.518364
-0.687936,-0.022176,0.459573
1.057446,-0.003990,0.522589
0.342822,-0.011436,0.521122
-0.069020,-0.015727,0.535605
1.054088,-0.004025,0.479528
-0.516770,-0.020393,0.540083
0.116378,-0.013796,0.564570
-0.364098,-0.018802,0.541698
0.785080,-0.006828,0.551812
1.258363,-0.001897,0.486951
-0.044518,-1.359886,0.452736
-1.245753,-0.071725,0.542784
-0.774792,-0.576767,0.522496
-0.881815,-0.461999,0.462015
-0.321921,-1.062409,0.509517
-0.155306,-1.241081,0.569092
-0.616747,-0.746248,0.551938
-0.772647,-0.579067,0.561696
1.440498,-0.252060,0.510623
1.679684,-0.029015,0.562636
1.430008,-0.261843,0.469089
1.696439,-0.013390,0.568112
0.697006,-0.945381,0.479749
0.993590,-0.668810,0.548048
0.546066,-1.086135,0.506342
1.000717,-0.662164,0.564554
0.971325,-0.689573,0.561678
0.118111,-1.485210,0.506033
0.114713,-1.488380,0.514121
0.531402,-1.099809,0.497762
0.128876,-1.475172,0.135652
0.319235,-1.297659,0.063700
1.162873,-0.510951,0.070803
1.354971,-0.331816,0.004903
1.162663,-0.511147,0.079309
1.685395,-0.023690,0.020201
1.675312,-0.033091,0.036892
0.874488,-0.779875,0.071551
1.336095,-0.349418,0.039648
1.707568,-0.003013,0.047813
0.676084,-0.964891,0.034922
0.209793,-1.399715,0.005940
0.325333,-0.011618,0.141824
1.286471,-0.001604,0.022811
1.104222,-0.003503,0.047856
-1.254180,-0.028076,0.100287
0.124915,-0.013707,0.012015
-0.201396,-0.017107,0.004905
-0.784010,-0.023177,0.011890
-0.803994,-0.023386,0.033188
0.512714,-0.009666,0.028095
1.288470,-0.001583,0.010612
-0.766720,-0.022997,0.055128
0.720932,-0.007496,0.003339
-0.045378,-1.358964,0.145258
0.006475,-1.414569,0.021822
-0.838501,-0.508447,0.131038
-1.166499,-0.156714,0.018522
-0.441300,-0.934392,0.009765
-0.192123,-1.201600,0.021132
1.035593,-0.572406,0.000000
0.360122,-0.925940,0.000000
1.032433,-0.187029,0.000000
-0.430456,-0.043617,0.000000
-0.500815,-0.776739,0.000000
-0.413547,-0.033784,0.000000
0.874139,-0.217754,0.000000
-0.158336,-0.874189,0.000000
0.260172,-1.076698,0.000000
-0.036815,-0.033022,0.000000
0.244141,-1.104122,0.000000
0.265798,-1.105266,0.000000
0.187579,-0.646620,0.000000
-0.450924,-0.177136,0.000000
0.619644,-0.732802,0.000000
0.055950,-0.167869,0.000000
-0.308579,-0.545830,0.000000
0.422755,-0.208044,0.000000
0.497453,-0.464008,0.000000
0.404270,-1.156250,0.000000
0.517031,-1.060492,0.000000
0.388239,-0.921316,0.000000
0.716957,-0.303389,0.000000
-0.007492,-1.157227,0.000000
0.173036,-0.891541,0.000000
-0.143234,-0.574515,0.000000
0.529650,-0.475770,0.000000
-0.880055,-0.192150,0.000000
-0.108802,-0.884419,0.000000
1.041557,-0.501430,0.000000
-0.722855,-0.234903,0.000000
1.064726,-0.312688,0.000000
-0.295675,-0.853315,0.000000
0.036475,-1.015422,0.000000
-1.006200,-0.053069,0.000000
1.179763,-0.174713,0.000000
-0.188774,-0.394157,0.000000
-0.001448,-0.342743,0.000000
-0.328140,-0.528084,0.000000
0.281418,-0.062957,0.000000
0.930232,-0.384786,0.000000
0.738607,-0.310884,0.000000
1.508680,-0.173094,0.000000
0.318858,-0.376224,0.000000
-0.270845,-0.209189,0.000000
1.201218,-0.349997,0.000000
0.552895,-0.616603,0.000000
-0.630986,-0.440556,0.000000
-0.277590,-0.192332,0.000000
0.307132,-0.773663,0.000000
1.287557,-0.211806,0.000000
-0.483093,-0.186663,0.000000
-0.460223,-0.693900,0.000000
0.093917,-1.041434,0.000000
0.704369,-0.539591,0.000000
-0.455927,-0.409776,0.000000
-0.135958,-0.634331,0.000000
0.927275,-0.039139,0.000000
0.121588,-0.061737,0.000000
0.490507,-0.049211,0.000000
-0.590258,-0.623356,0.000000
1.016154,-0.159837,0.000000
-0.828924,-0.401444,0.000000
0.311801,-1.288092,0.000000
0.156213,-0.268113,0.000000
0.172552,-0.278120,0.000000
0.763166,-0.680770,0.000000
0.179087,-0.680875,0.000000
0.522213,-0.897600,0.000000
0.526290,-0.907291,0.000000
-0.262406,-0.043455,0.000000
1.157230,-0.130150,0.000000
1.154237,-0.348586,0.000000
1.278167,-0.035608,0.000000
-0.002237,-0.759380,0.000000
0.187267,-0.419580,0.000000
-0.120530,-0.237860,0.000000
-0.304402,-0.378865,0.000000
-0.304243,-0.534824,0.000000
0.707840,-0.551777,0.000000
0.357584,-0.371222,0.000000
-0.473591,-0.557146,0.000000
-0.646474,-0.124978,0.000000
-0.561219,-0.804327,0.000000
0.548391,-0.299989,0.000000
0.863138,-0.022761,0.000000
-0.334643,-0.339262,0.000000
-0.154202,-0.549044,0.000000
-0.007014,-0.366437,0.000000
-0.888181,-0.126640,0.000000
-0.272090,-0.694097,0.000000
0.023308,-0.766781,0.000000
0.098529,-1.062996,0.000000
-1.108258,-0.197459,0.569898
0.268327,-1.208390,0.569898
0.559327,-0.883700,0.569898
0.407088,-0.448178,0.569898
0.706589,-0.150969,0.569898
-0.035916,-0.386435,0.569898
0.101999,-0.189453,0.569898
-0.169672,-0.829570,0.569898
-0.428607,-0.568890,0.569898
-0.001803,-1.297647,0.569898
1.037984,-0.221303,0.569898
0.932971,-0.114046,0.569898
0.535353,-0.602110,0.569898
-0.577691,-0.547578,0.569898
0.606542,-0.298768,0.569898
-0.302171,-0.908705,0.569898
-0.167478,-0.798098,0.569898
-0.555202,-0.390651,0.569898
0.146857,-0.973951,0.569898
1.111073,-0.499431,0.569898
0.303984,-0.161713,0.569898
0.177536,-1.021300,0.569898
0.554734,-0.873493,0.569898
0.055089,-0.510543,0.569898
-0.717470,-0.425743,0.569898
-0.399636,-0.805755,0.569898
0.028073,-0.524756,0.569898
1.391744,-0.014475,0.569898
0.371961,-0.591437,0.569898
-0.380628,-0.323594,0.569898
0.135087,-0.643056,0.569898
-0.745325,-0.409710,0.569898
-1.256060,-0.045341,0.569898
1.376980,-0.042825,0.569898
0.525220,-0.898254,0.569898
0.116619,-0.324829,0.569898
-0.235340,-0.572861,0.569898
-0.544353,-0.196971,0.569898
-0.728059,-0.266647,0.569898
-0.595778,-0.723361,0.569898
-0.045958,-0.141336,0.569898
0.848999,-0.226212,0.569898
1.146380,-0.125479,0.569898
0.021968,-1.310745,0.569898
0.501291,-0.096015,0.569898
-0.153139,-0.246976,0.569898
-0.007152,-0.793616,0.569898
0.773025,-0.346785,0.569898
0.253197,-1.136074,0.569898
0.161443,-1.338202,0.569898
1.035620,-0.229529,0.569898
-0.442635,-0.575862,0.569898
0.537589,-0.316799,0.569898
-0.186295,-0.085389,0.569898
1.150412,-0.317747,0.569898
-0.318411,-0.679356,0.569898
0.850213,-0.233484,0.569898
-0.913515,-0.184554,0.569898
-0.501627,-0.428180,0.569898
1.532591,-0.006724,0.569898
0.099226,-0.334201,0.569898
-0.547013,-0.214560,0.569898
0.724130,-0.157023,0.569898
-0.337291,-0.470812,0.569898
0.284057,-0.327237,0.569898
-0.430306,-0.791770,0.569898
0.321655,-0.972014,0.569898
-0.162940,-0.248728,0.569898
-0.829124,-0.284012,0.569898
0.811646,-0.661371,0.569898
-1.005895,-0.025489,0.569333
0.777615,-0.006906,0.560746
0.356177,-0.011297,0.518575
1.057362,-0.003991,0.512528
1.219245,-0.002304,0.504150
1.243866,-0.002048,0.479090
0.207269,-0.012849,0.532067
-0.501408,-0.020233,0.505230
-1.240036,-0.027929,0.560564
-0.551437,-0.020754,0.486582
-0.704012,-0.022344,0.451576
-0.880029,-0.024178,0.491161
-0.913981,-0.427505,0.569893
-0.139495,-1.258036,0.526111
-1.019235,-0.314635,0.497301
-1.026723,-0.306605,0.514394
-0.337617,-1.045577,0.475811
0.718137,-0.925675,0.538316
0.096096,-1.505740,0.502788
1.673566,-0.034720,0.568167
1.243295,-0.435956,0.558470
0.549835,-1.082620,0.538907
0.423726,-1.200218,0.550927
1.551237,-0.148794,0.496072
1.546253,-0.153442,0.488468
1.566830,-0.134253,0.506523
1.442273,-0.250405,0.503898
0.588090,-1.046946,0.173570
0.582973,-1.051718,0.179666
0.756765,-0.889654,0.166917
0.863671,-0.006000,0.197683
1.145455,-0.003067,0.194662
1.487382,0.000492,0.192658
0.687752,-0.007831,0.153536
-0.287156,-1.099689,0.165735
-0.404676,-0.973666,0.170116
-1.134768,-0.190742,0.191664
-0.774553,-0.577023,0.173975
-0.888226,-0.024256,0.169814
-0.854393,-0.023902,0.177917
0.300617,-1.315020,0.422031
0.420486,-1.203241,0.408033
0.959189,-0.700889,0.397210
0.953034,-0.706629,0.412560
1.158787,-0.514761,0.429487
-0.560751,-0.806297,0.406878
-0.553241,-0.814350,0.418222
-1.166192,-0.157044,0.414203
1.691210,0.002614,0.425817
-1.096667,-0.026435,0.395452
-1.061459,-0.269355,0.364139
0.158208,-0.013360,0.360923
1.067156,-0.600208,0.306745
0.740116,-0.905179,0.354697
0.521767,-1.108794,0.317715
0.331550,-1.286175,0.262196
1.382053,-0.306561,0.306692
1.370814,-0.317042,0.273134
0.877898,-0.776695,0.228765
1.198472,-0.477754,0.235082
1.683257,-0.025683,0.238457
1.699502,-0.010534,0.238276
1.029106,-0.004278,0.332575
1.169056,-0.002821,0.352835
0.497286,-0.009814,0.209850
1.316247,-0.001289,0.224493
0.520168,-0.009576,0.256543
0.669827,-0.008018,0.259746
-0.445006,-0.930417,0.303644
-0.957307,-0.381044,0.332347
-0.677813,-0.680763,0.346926
0.035872,-1.446093,0.267585
-0.583399,-0.782009,0.275107
-1.116251,-0.210598,0.230917
-0.714261,-0.022440,0.303842
-0.908329,-0.024465,0.318250
-0.566090,-0.020893,0.279156
-0.727809,-0.022581,0.306724
-1.208264,-0.027596,0.314163
-1.040152,-0.025842,0.229763
-0.870920,-0.323659,0.151279
-0.350745,-0.739758,0.151279
-0.524017,-0.485147,0.151279
-0.647695,-0.692686,0.151279
-0.276448,-0.521550,0.151279
-0.616984,-0.678264,0.151279
-0.516545,-0.341685,0.151279
-0.617374,-0.218993,0.151279
-0.296307,-0.530134,0.151279
-0.635983,-0.705293,0.151279
-0.682598,-0.369980,0.151279
-0.356065,-0.371940,0.151279
-0.059803,-1.337282,0.151279
-0.108959,-1.061917,0.151279
-0.452539,-0.192095,0.151279
-0.746215,-0.154948,0.151279
-0.445604,-0.615576,0.151279
-0.141300,-1.204127,0.151279
-0.869933,-0.354162,0.151279
-0.485290,-0.327820,0.151279
-0.486342,-0.165393,0.151279
-0.502530,-0.830801,0.151279
0.176476,-0.167471,0.151279
0.088000,-1.328002,0.151279
0.039494,-1.138116,0.151279
0.288434,-0.505232,0.151279
-0.037736,-0.887677,0.151279
0.001559,-0.705767,0.151279
-0.251765,-0.109772,0.151279
-0.087897,-0.507946,0.151279
-0.051082,-0.104257,0.151279
0.245168,-0.511961,0.151279
0.222030,-0.170918,0.151279
-0.141674,-0.436455,0.151279
0.105682,-1.306175,0.151279
0.009107,-0.307511,0.151279
0.321432,-0.029423,0.151279
-0.103349,-0.148132,0.151279
0.340877,-0.309281,0.151279
0.220664,-0.906054,0.151279
0.099914,-0.567018,0.151279
-0.161432,-0.642216,0.151279
0.320252,-0.278926,0.151279
-0.017737,-0.095183,0.151279
-0.292961,-0.133428,0.151279
-0.227075,-0.304058,0.151279
0.219442,-0.728757,0.151279
0.022542,-0.258712,0.151279
-0.226755,-0.250651,0.151279
1.463619,-0.001470,0.151279
0.989191,-0.101871,0.151279
0.479557,-0.259689,0.151279
0.840969,-0.193251,0.151279
1.431187,-0.227038,0.151279
0.326235,-1.018520,0.151279
0.542175,-0.665778,0.151279
0.772959,-0.657711,0.151279
0.434481,-1.162429,0.151279
1.062726,-0.593371,0.151279
0.566764,-0.885657,0.151279
0.431881,-0.495373,0.151279
0.252324,-1.157244,0.151279
0.530557,-0.653359,0.151279
1.423470,-0.223380,0.151279
1.067174,-0.428997,0.151279
0.468467,-0.204358,0.151279
0.842554,-0.041051,0.151279
0.433360,-0.203219,0.151279
0.803569,-0.192951,0.151279
0.966057,-0.306445,0.151279
0.300814,-1.187048,0.151279
0.995210,-0.077152,0.151279
1.234570,-0.364009,0.151279
0.748609,-0.873630,0.151279
1.238545,-0.360580,0.151279
0.902420,-0.540401,0.151279
0.987305,-0.132489,0.151279
0.962328,-0.689329,0.151279
1.575389,-0.104158,0.151279
-1.042800,-0.271379,0.358323
-0.672756,-0.684326,0.358323
-0.666969,-0.435642,0.358323
-0.015031,-0.843384,0.358323
-0.511588,-0.522043,0.358323
0.059690,-1.002903,0.358323
0.204303,-1.377391,0.358323
0.004963,-1.196036,0.358323
0.159956,-0.864970,0.358323
-0.260212,-0.355813,0.358323
0.241703,-0.986572,0.358323
-0.085679,-0.654359,0.358323
-0.921199,-0.051683,0.358323
-0.393674,-0.242517,0.358323
-0.669241,-0.208712,0.358323
0.029439,-0.590868,0.358323
0.040232,-0.610349,0.358323
-0.523732,-0.177414,0.358323
-0.690674,-0.213937,0.358323
0.366949,-0.022472,0.358323
-0.088549,-0.143302,0.358323
0.155977,-0.044960,0.358323
0.083868,-0.177944,0.358323
0.220305,-0.335605,0.358323
0.572735,-0.885318,0.358323
0.591402,-0.729581,0.358323
0.771210,-0.489947,0.358323
0.574520,-0.881448,0.358323
1.078571,-0.181835,0.358323
0.457992,-0.149928,0.358323
0.975666,-0.426115,0.358323
0.769237,-0.671244,0.358323
0.585696,-0.722591,0.358323
1.409385,-0.149668,0.358323
0.754086,-0.749999,0.358323
0.988688,-0.442193,0.358323
0.455934,-0.340149,0.358323
1.383094,-0.141410,0.358323
0.945438,-0.128518,0.394597
0.212527,-0.342698,0.394597
1.259854,-0.378149,0.394597
-0.466257,-0.696248,0.394597
0.170526,-0.871312,0.394597
-0.167225,-0.786188,0.394597
0.368883,-0.337200,0.394597
-0.140947,-0.962538,0.394597
1.154224,-0.518902,0.394597
-0.545761,-0.143785,0.394597
-0.383071,-0.022929,0.394597
0.172885,-0.515668,0.394597
-0.430884,-0.377835,0.394597
0.750039,-0.041929,0.394597
0.961081,-0.265028,0.394597
-0.913470,-0.253386,0.394597
1.682260,-0.025957,0.394597
-0.146271,-1.210623,0.394597
-0.165411,-0.814097,0.394597
0.253499,-0.648133,0.394597
0.589799,-0.436382,0.394597
0.411457,-0.683948,0.394597
0.613545,-0.464511,0.394597
0.717860,-0.019269,0.394597
-0.426044,-0.379169,0.394597
-0.263770,-0.522080,0.394597
0.789449,-0.187843,0.394597
0.613527,-1.017085,0.394597
-0.397344,-0.076817,0.394597
0.163621,-0.491847,0.394597
0.276052,-0.195237,0.394597
1.086618,-0.157071,0.394597
1.256310,-0.377721,0.394597
-0.720502,-0.039920,0.449621
0.131625,-1.134303,0.449621
0.691916,-0.298764,0.449621
1.278079,-0.205700,0.449621
-0.807552,-0.183809,0.449621
-0.602115,-0.286582,0.449621
-0.052835,-0.689198,0.449621
0.630197,-0.152894,0.449621
-0.207327,-0.670812,0.449621
0.029973,-0.318564,0.449621
0.137540,-1.272972,0.449621
0.338108,-0.799141,0.449621
-0.861086,-0.443465,0.449621
0.477168,-0.528013,0.449621
0.462011,-0.518137,0.449621
0.345580,-0.391654,0.449621
-0.636334,-0.310646,0.449621
0.100870,-0.725801,0.449621
0.865611,-0.598277,0.449621
-0.114336,-0.528724,0.449621
-0.250737,-0.353780,0.449621
0.011142,-0.314192,0.449621
0.249790,0.756997,0.357305
0.419702,0.758766,0.151622
-0.254827,0.189602,0.151279
-0.077528,0.102458,0.151279
-0.361155,0.516447,0.151279
-0.216752,0.441622,0.151279
0.017552,0.261312,0.151279
0.141971,0.430823,0.151279
0.381379,0.532992,0.151279
0.042411,0.745447,0.151279
-0.142115,0.565188,0.151279
0.421269,0.345451,0.151279
-0.378230,0.346858,0.355926
-0.374506,-0.010906,0.232247
-0.381765,0.686563,0.182897
-0.377985,0.323331,0.154075
-0.381569,0.667725,0.194287
-0.379740,0.491965,0.151705
0.235317,0.301391,0.358323
0.402601,0.455266,0.358323
0.406397,0.671669,0.358323
-0.162278,0.342520,0.358323
-0.185637,0.187810,0.358323
-0.022148,0.241601,0.358323
-0.057854,0.072441,0.358323
-0.051009,0.055046,0.358323
0.360671,0.004356,0.358323
0.386072,-0.010219,0.358323
-0.087266,0.526684,0.358323
0.049943,0.383772,0.358323
0.087227,0.745806,0.358323
-0.210259,0.726028,0.358323
0.232593,0.746613,0.358323
0.425951,0.377374,0.164073
0.428308,0.150852,0.157413
0.426647,0.310509,0.179425
0.425006,0.468181,0.293719
0.426611,0.313947,0.334659
0.423162,0.645338,0.351218
-0.236049,0.536612,0.343364
-0.339963,0.357427,0.343364
-0.362623,0.336550,0.343364
-0.189376,0.199466,0.343364
0.212268,0.319189,0.343364
-0.203788,0.685317,0.343364
0.107555,0.605476,0.343364
0.181495,0.756276,0.190040
0.197913,0.756447,0.171354
-0.113563,0.753205,0.182590
-0.180934,0.752504,0.169611
0.039655,0.754800,0.160684
-0.239033,0.408593,0.229384
-0.248718,0.602690,0.229384
-0.129868,0.245735,0.229384
-0.039901,0.416669,0.229384
0.005713,0.556559,0.229384
0.304401,0.137187,0.229384
0.361931,0.745945,0.229384
-0.169159,0.377642,0.352097
0.255392,0.111935,0.358323
0.261600,0.448256,0.229384
0.263362,0.610972,0.229384
0.167821,0.254129,0.229384
-0.072465,0.414256,0.229384
-0.062870,0.420602,0.229384
-0.223828,0.453298,0.229384
0.473032,-1.154240,0.152479
1.567604,-0.133532,0.205515
0.594216,-1.041233,0.187397
0.837069,-0.006277,0.155538
1.137515,-0.003150,0.193834
1.704691,0.002754,0.191188
1.298495,-0.001474,0.178731
-0.877327,-0.466812,0.162619
-1.274324,-0.041086,0.168055
-1.161346,-0.162240,0.163734
-1.035990,-0.296667,0.158257
-0.910105,-0.024484,0.163930
-1.099338,-0.026459,0.175419
-1.126680,-0.026745,0.182152
-0.420471,-0.019373,0.173329
1.694067,-0.015602,0.418927
0.850619,-0.802134,0.444705
0.413003,-1.210218,0.436010
1.171085,-0.503293,0.439496
1.051944,-0.614394,0.437619
0.298103,-1.317365,0.438755
-1.160378,-0.163278,0.403864
-0.148021,-1.248893,0.405269
-0.033339,-1.371874,0.400206
-0.553407,-0.814172,0.426168
-0.052948,-1.350847,0.425637
0.547738,-0.009301,0.433863
1.512061,0.000747,0.414776
0.905008,-0.005578,0.436079
0.579874,-0.008966,0.434938
0.615706,-1.021194,0.390396
-0.262744,-1.125868,0.390282
1.356831,-0.000871,0.373315
1.358784,-0.000850,0.381005
-1.073177,-0.026190,0.385177
1.205082,-0.471590,0.272624
0.451571,-1.174253,0.218805
1.558359,-0.142153,0.310740
0.842618,-0.809595,0.260207
1.556891,-0.143522,0.342263
0.522799,-1.107832,0.322700
0.730005,-0.914608,0.296594
0.111296,-1.491566,0.296929
1.033506,-0.631588,0.302856
0.225684,-1.384897,0.222827
0.753487,-0.892711,0.337285
0.343409,-1.275116,0.297147
0.509466,-0.009687,0.265024
0.891692,-0.005709,0.343048
1.522411,0.000857,0.355582
1.037100,-0.004195,0.318360
-1.284769,-0.029886,0.318743
-0.739203,-0.614931,0.222603
-0.818258,-0.530155,0.312176
-0.168712,-1.226704,0.263530
-0.932315,-0.407845,0.327177
-0.456207,-0.918406,0.311443
-0.118007,-1.281079,0.256781
-0.329085,-1.054726,0.286141
0.000097,-1.407730,0.274443
-0.803896,-0.545557,0.356791
-0.670787,-0.688298,0.338329
-0.551325,-0.020739,0.278930
-0.570152,-0.020935,0.319168
1.119881,-0.200734,0.151279
1.108906,-0.204196,0.151279
0.823450,-0.370787,0.151279
0.648277,-0.336411,0.151279
0.431491,-0.890630,0.151279
0.269059,-1.027536,0.151279
0.919160,-0.529990,0.151279
0.423586,-0.448644,0.151279
0.655340,-0.547816,0.151279
0.793765,-0.657718,0.151279
0.599711,-0.674467,0.151279
1.440966,-0.204849,0.151279
0.230249,-1.219625,0.151279
0.645550,-0.145419,0.151279
1.062644,-0.603739,0.151279
0.587353,-0.821983,0.151279
0.940575,-0.300822,0.151279
1.240219,-0.137363,0.151279
0.936326,-0.476230,0.151279
0.621341,-0.128468,0.151279
0.403103,-0.918182,0.151279
1.440140,-0.044215,0.151279
0.819317,-0.198658,0.151279
0.672239,-0.361354,0.151279
0.638537,-0.158482,0.151279
1.268555,-0.138021,0.151279
0.653735,-0.344044,0.151279
0.601705,-0.884339,0.151279
1.238450,-0.346060,0.151279
0.669671,-0.545676,0.151279
0.528345,-0.438714,0.151279
0.347362,-0.643168,0.151279
0.341853,-0.652238,0.151279
0.400805,-0.780185,0.151279
0.774954,-0.685208,0.151279
0.261547,-0.496532,0.151279
0.129942,-1.025961,0.151279
0.195189,-0.674049,0.151279
0.119672,-0.024947,0.151279
0.320045,-0.314803,0.151279
0.322209,-0.013474,0.151279
-0.154962,-0.672815,0.151279
0.159476,-0.326984,0.151279
-0.015444,-0.876679,0.151279
-0.099105,-0.427892,0.151279
0.096180,-0.569112,0.151279
-0.162230,-0.634031,0.151279
0.029499,-0.712359,0.151279
0.186138,-0.369658,0.151279
-0.025967,-0.732614,0.151279
0.137976,-0.180263,0.151279
0.023978,-1.168779,0.151279
0.097759,-0.971939,0.151279
-0.205850,-0.251416,0.151279
0.052912,-0.502713,0.151279
0.240012,-0.836786,0.151279
0.075281,-1.167763,0.151279
-0.619093,-0.224181,0.151279
-0.427627,-0.161214,0.151279
-0.354068,-0.373310,0.151279
-0.270039,-0.501631,0.151279
-0.092226,-1.033942,0.151279
-0.508562,-0.800057,0.151279
-0.379427,-0.943277,0.151279
-0.617559,-0.502546,0.151279
-0.775146,-0.199455,0.151279
-0.290393,-0.712282,0.151279
-0.207953,-0.846333,0.151279
-0.313310,-0.759362,0.151279
-0.983222,-0.164163,0.151279
-0.634134,-0.033036,0.151279
-0.086573,-1.033598,0.151279
-0.219178,-0.876037,0.151279
-0.818951,-0.162695,0.151279
-0.999584,-0.171079,0.151279
-0.479846,-0.660619,0.151279
-0.429995,-0.608959,0.151279
-0.446661,-0.473219,0.151279
-0.710877,-0.391240,0.151279
0.771805,-0.505208,0.358323
1.231072,-0.124246,0.358323
0.576284,-0.247698,0.358323
0.774383,-0.351319,0.358323
0.755678,-0.337801,0.358323
0.639492,-0.165858,0.358323
0.536835,-0.288676,0.358323
0.582109,-0.702716,0.358323
0.601839,-0.417638,0.358323
0.909602,-0.434607,0.358323
0.253047,-0.681716,0.358323
0.355467,-0.500343,0.358323
-0.101821,-0.368548,0.358323
-0.223040,-0.052816,0.358323
0.246084,-0.670434,0.358323
0.103186,-0.189480,0.358323
0.307531,-0.491335,0.358323
0.244586,-0.178994,0.358323
0.171221,-0.322489,0.358323
0.020995,-0.432584,0.358323
0.481067,-1.094039,0.358323
0.035290,-0.435118,0.358323
0.412550,-0.665388,0.358323
0.339757,-0.524797,0.358323
-0.219273,-0.065464,0.358323
0.183581,-0.854392,0.358323
-0.926757,-0.110773,0.358323
-0.249559,-0.531143,0.358323
-0.262280,-0.334510,0.358323
-0.778584,-0.343870,0.358323
-0.383641,-0.212673,0.358323
-0.434404,-0.370682,0.358323
0.305754,-0.973461,0.358323
-0.790527,-0.332541,0.358323
0.227550,-1.174126,0.358323
0.041219,-1.240255,0.358323
-0.791155,-0.552572,0.358323
-0.148758,-0.959249,0.358323
-0.666785,-0.426126,0.358323
-0.002469,-0.873332,0.358323
-0.241851,-1.114333,0.358323
0.211803,-1.199782,0.358323
-0.366296,-0.804675,0.358323
0.000002,-0.857605,0.358323
-0.154575,-0.790968,0.358323
-0.476359,-0.689979,0.358323
-0.288582,-0.941264,0.358323
0.196599,-1.393184,0.358323
1.096090,-0.188490,0.394597
0.953527,-0.292627,0.394597
1.274200,-0.364424,0.394597
-0.278577,-0.675283,0.394597
0.239578,-0.162748,0.394597
-0.075167,-1.086657,0.394597
0.407765,-0.682758,0.394597
-0.368917,-0.547306,0.394597
-0.478823,-0.681916,0.394597
1.099815,-0.359836,0.394597
0.791883,-0.172541,0.394597
0.449203,-0.945529,0.394597
-0.081756,-0.138839,0.394597
0.325586,-0.824058,0.394597
0.471264,-0.137520,0.394597
0.790692,-0.188589,0.394597
-0.107336,-0.397955,0.394597
1.096078,-0.329852,0.394597
-0.398436,-0.033156,0.394597
0.163066,-0.497866,0.394597
-0.218707,-0.036869,0.394597
-0.291454,-0.668894,0.394597
-0.364557,-0.817375,0.394597
0.037644,-0.593287,0.394597
1.259814,-0.202717,0.394597
0.931171,-0.130044,0.394597
0.442090,-0.164800,0.394597
-0.662978,-0.546916,0.449621
0.332747,-0.798495,0.449621
0.451886,-0.963968,0.449621
-0.131049,-0.521863,0.449621
0.052287,-0.072361,0.449621
0.703411,-0.592088,0.449621
-0.790687,-0.178041,0.449621
0.331311,-1.081707,0.449621
0.058228,-0.077178,0.449621
-0.516223,-0.546234,0.449621
0.138389,-0.724926,0.449621
-0.049437,-1.098627,0.449621
-0.434531,-0.937575,0.449621
0.897277,-0.567340,0.449621
-0.250629,-0.182283,0.449621
-1.026580,-0.137235,0.449621
0.682877,-0.612397,0.449621
0.118624,-1.086759,0.449621
0.493876,-0.807738,0.449621
0.007411,-0.251044,0.449621
0.342502,-1.076789,0.449621
-0.179818,-0.955788,0.449621
0.671688,-0.625102,0.449621
-0.806279,-0.179916,0.449621
-0.246004,-0.203722,0.449621
-0.093819,-0.543293,0.449621
-0.626264,-0.331537,0.449621
0.486487,-0.818423,0.449621
