-0.140014,-0.614323,0.536458
-0.337028,-0.617398,0.365995
0.547343,0.374715,1.04839
-0.165416,-0.268075,0.247247
-0.413068,0.0545369,1.25763
-0.838478,0.155303,1.1386
0.239723,-0.649918,0.49307
-0.48145,0.708622,0.612218
0.0331441,0.153945,1.45215
0.0156559,-0.848162,1.09032
-0.304345,-0.121721,0.247247
0.287372,0.606542,0.247247
-0.213313,0.105129,1.25763
-0.440875,0.428796,0.116227
-0.268778,-0.530095,1.14218
0.876327,-0.0609174,0.767749
-0.496277,0.40403,1.1934
0.515409,-0.105433,1.21918
-0.615486,0.126914,0.49609
0.0120034,0.754544,0.388669
0.225449,-0.633188,0.719348
0.199807,-0.285345,0.0871779
-0.0615122,0.0399801,0.247247
0.635387,0.281783,0.716659
-0.136065,0.601636,1.25425
-0.641019,0.176454,0.38244
0.626082,0.134883,0.468186
0.590215,0.340054,0.289883
-0.651117,-0.154125,0.505167
0.29117,-0.503965,1.22471
0.116743,0.471216,1.25763
-0.595902,-0.345223,0.370297
0.467871,0.402642,0.247247
-0.790715,0.156184,0.94233
0.131226,-0.514401,1.21772
-0.560032,0.300102,1.02212
-0.623688,-0.102182,0.810464
0.36542,-0.213191,1.25763
0.399879,-0.150291,0.247247
0.239001,0.754478,0.428385
0.309868,0.253985,0.0861719
0.0856677,0.0147915,1.45348
-0.366451,-0.619985,0.71429
0.239984,-0.542974,1.10754
0.365594,-0.140255,0.180991
0.788457,0.0821879,1.04868
-0.144318,-0.716834,0.529564
0.0306202,-1.04839,1.10182
-0.693751,0.15994,1.11039
-0.483655,-0.309253,1.22573
-0.655313,0.0496844,0.479349
0.610673,0.104436,0.92566
-0.402648,-0.156445,0.247247
-0.241867,-0.645636,0.434438
0.210044,0.75962,0.556713
-0.599907,-0.244004,0.82779
0.350137,-0.454136,0.247247
0.636786,0.00736621,0.345747
-0.549084,0.389488,1.01359
0.547321,-0.393727,0.950192
-0.930576,0.0999368,1.12602
0.159983,0.636451,1.17852
0.186285,-0.585103,0.972418
-0.105845,0.33174,0.247247
-0.663299,0.00949189,0.713479
-0.0941414,0.112841,1.25763
0.38842,0.276676,0.206908
-0.187394,0.390396,1.25763
-0.524613,0.675772,0.437092
0.0833674,-0.608196,0.534719
0.543968,0.380594,0.247247
-0.527524,0.487314,1.01951
-0.525657,0.585838,0.900427
0.417024,-0.341494,0.135526
0.148651,-0.550514,1.10343
-0.667912,-0.0514657,1.12837
-0.166593,-0.000804776,1.25763
-0.643373,0.311644,0.513636
-0.639698,0.161672,0.59605
0.57588,0.607215,0.458377
-0.0099564,0.752551,0.724662
-0.637263,-0.232136,0.548103
-0.323584,0.0143784,1.25763
0.50029,-0.376,0.247247
0.164012,-0.694066,0.575531
-0.595377,0.467837,0.725798
0.923756,-0.0624377,0.843794
0.139888,-0.763882,0.833037
-0.517691,0.689692,0.514826
0.334546,-0.29858,1.25763
-0.255761,0.305576,1.25763
0.146745,-0.649641,0.420315
-0.269989,0.703087,0.283785
-0.961868,0.0985536,0.919145
-0.0428597,0.398519,1.25763
-0.0451311,0.152773,1.45148
0.545436,0.614728,0.776726
0.774434,-0.0576498,0.632266
-0.452104,0.179239,1.25763
0.064009,-0.062542,1.44832
-0.565658,-0.0638687,0.247247
-0.523298,-0.172704,1.16032
-0.169249,-0.141953,0.247247
-0.401373,-0.443021,1.25763
-0.070973,-0.588892,0.251042
-0.59286,0.547512,0.460645
0.0838832,-0.590977,0.671782
-0.587253,0.32395,0.289965
-0.104459,-0.505836,0.247247
-0.636401,-0.251681,0.470923
-0.44176,0.347794,0.130528
0.479728,0.222479,1.25763
-0.180524,0.299061,0.290907
-0.634538,-0.066571,0.363634
-0.63513,0.328862,0.424326
-0.364102,-0.521259,1.14586
0.322586,0.663413,1.04336
0.637225,-0.18491,0.686645
-0.727328,-0.0533723,0.538554
-0.107984,-0.828664,0.846669
-0.498544,0.656161,0.331744
0.612125,-0.334826,0.671266
0.628477,0.126665,0.847801
0.663605,-0.0844138,0.479736
-0.407907,0.0576048,0.247247
0.353303,0.331229,0.0748467
-0.534269,-0.283022,0.247247
-0.523382,-0.244076,1.12938
0.0921876,-0.822135,1.05748
0.630069,-0.299457,0.448626
0.210493,-0.613765,0.84487
0.128859,-0.849545,0.881862
0.436907,-0.186743,1.25763
-0.611339,0.443218,0.62627
-0.660966,0.0893742,0.574035
-0.389771,-0.0325651,1.25763
0.055801,-0.716725,0.539045
-0.157587,0.174964,1.25763
0.631949,0.29002,0.378847
-0.233456,-0.18075,0.0905303
0.447817,0.635899,1.03335
0.537371,0.569125,0.288914
-0.150205,-0.657803,0.826851
-0.580102,-0.308461,0.306214
0.524592,0.394175,1.12143
0.592459,0.312652,0.913145
0.206915,0.695504,0.963149
-0.200762,0.695728,0.962549
0.799596,-0.0027585,1.20471
0.977681,0.144945,0.8586
-0.915313,0.0469229,0.644848
0.243963,-0.596761,0.909251
-0.784191,0.0231678,0.989998
-0.510219,0.16582,1.09339
0.333211,-0.568367,0.248847
0.647144,0.313087,0.548409
-0.216763,0.154628,0.247247
-0.559919,-0.322509,0.946621
-0.104218,0.756241,0.673185
0.450045,-0.545647,0.975986
0.668545,0.0735028,0.530175
-0.391719,-0.630006,0.437237
-0.503897,-0.534696,0.321567
0.0705668,0.242538,1.25763
-0.977541,0.0588465,0.807277
-0.460441,-0.0347576,0.247247
-0.388553,-0.358623,1.25763
-0.603658,-0.399731,0.498104
-0.583378,-0.0414147,1.2028
-0.306846,0.649701,0.247247
0.465729,-0.0296146,0.247247
-0.36458,0.74138,0.597393
-0.612669,0.237506,0.855232
0.23688,0.235013,0.214199
0.463048,-0.222908,0.0748467
-0.128788,0.721648,0.876849
0.00463808,-0.0112846,0.247247
0.517221,0.57674,0.967903
0.195031,-0.29504,0.251245
0.685332,0.108131,1.08856
0.428164,-0.198628,0.141364
-0.219206,0.740477,0.375071
-0.801753,0.0827871,1.20475
-0.613389,0.264809,0.332897
0.287864,0.346309,1.25763
0.587258,-0.0907706,0.249751
0.361266,0.618405,0.247247
0.171508,-0.59782,0.280227
0.044989,-0.455368,1.25763
0.900086,-0.0206156,1.20563
0.359754,-0.33386,0.0748467
0.668839,0.0468835,0.45625
0.279114,0.347404,0.0748467
0.210709,0.62174,0.247247
0.378229,-0.426687,1.25763
-0.549135,0.530911,0.295235
0.0844754,0.181435,0.247247
-0.5453,0.0474199,1.1413
0.579366,0.0918729,1.0761
-0.171794,-0.0390194,0.247247
0.58994,0.475071,0.783835
-0.26763,0.74394,0.674315
0.826012,-0.0593027,1.06773
-0.629606,0.138007,1.20317
-0.200776,-0.462803,1.25763
0.511525,-0.543782,0.808907
-0.636186,-0.122477,0.721951
-0.331898,0.246474,0.113183
0.884216,0.151067,0.679519
-0.00654315,0.533408,1.25763
-0.78304,0.074742,1.04912
0.0542747,0.600163,1.25763
0.0408875,-0.259526,1.25763
-0.635771,0.0997258,0.35648
-0.355797,-0.637183,0.505329
0.587033,-0.300658,0.868836
-0.109849,-0.189186,0.247247
-0.288067,0.120148,1.25763
-0.919562,0.152703,1.06619
-0.637815,0.226924,0.712879
-0.58747,0.282365,0.928832
0.0136396,-0.0955427,1.39758
0.147658,0.570593,0.247247
-0.130278,-0.115512,1.25763
-0.249475,-0.510891,1.2114
-0.215925,0.760004,0.507716
-0.647825,-0.130663,0.427264
0.109814,-0.910445,1.06329
-0.62362,-0.167122,0.363955
-0.575233,-0.417728,0.359982
-0.373412,0.597289,1.2314
0.0786436,0.0908332,1.45425
-0.118506,-0.812918,0.704328
-0.435183,-0.48774,1.15154
-0.0255502,-0.581836,1.0067
-0.693492,0.0105206,1.09051
-0.444024,0.410632,1.25763
-0.425443,0.734943,0.530332
0.459941,-0.590972,0.36222
0.9278,0.106309,1.17975
-0.716058,0.159226,1.20127
-0.495693,-0.0459453,1.16448
0.356174,-0.615258,0.364422
0.00602585,0.184168,0.247247
0.0586361,-0.76949,0.983724
-0.98918,0.0325427,0.724866
-0.573564,0.362173,0.9352
-0.102768,-0.0428997,1.37401
0.599209,-0.416177,0.59988
-0.334736,0.26966,0.247247
0.0814597,-0.895956,0.845068
-0.336018,-0.0101177,0.247247
0.343412,0.272911,1.25763
-0.44128,0.489724,1.25727
-0.426164,0.734163,0.454584
0.403741,-0.339525,0.247247
-0.440486,0.181315,0.247247
0.0883531,-0.947159,1.16562
0.677332,-0.0545375,1.09464
0.569488,0.401994,0.948553
-0.404323,0.688109,0.293319
-0.438317,0.262434,0.247247
-0.617971,0.0168262,0.877189
-0.028856,-0.396362,1.25763
-0.414917,0.548275,0.247247
-0.790989,0.0206653,0.844897
0.736365,0.133399,0.750335
0.409951,0.559107,0.247247
0.685665,0.15743,0.584308
-0.964593,0.00755471,0.881906
-0.951641,-0.0160248,0.669248
0.606668,-0.403022,0.504449
0.386126,0.47081,0.0748467
-0.411044,-0.277772,1.25763
0.514134,0.147611,1.07332
0.502036,0.0919884,1.12887
-0.554012,0.562404,0.819707
0.613852,0.341572,0.7919
-0.60929,0.103638,0.680607
0.58613,0.245863,0.974791
0.134524,0.141763,1.43362
-0.368262,-0.59448,0.868006
0.657964,0.202043,0.434651
-0.362535,0.707164,0.854221
0.35487,-0.609673,0.795657
-0.0674551,-0.0472996,0.247247
0.117939,-0.87764,0.98519
-0.278316,-0.123812,0.176602
0.579617,0.582642,0.628772
0.122121,0.0860524,1.31884
-0.584434,0.0255111,1.00612
0.447629,-0.00634253,1.25763
0.394466,0.72716,0.712884
-0.611436,0.386587,0.720813
0.0750283,0.634902,1.18634
0.0808694,0.376721,0.247247
0.108679,0.764762,0.581017
0.271963,-0.492777,0.247247
-0.239378,-0.0772232,0.247247
0.225698,0.461006,0.130681
-0.138264,0.494946,0.247247
-0.389264,0.332222,1.25763
-0.558566,-0.1441,1.04865
-0.299363,-0.144647,0.0910982
0.344445,0.409287,0.0748467
0.795981,-0.0552533,0.797101
0.111183,0.548849,1.25763
0.593013,0.250962,0.27046
-0.000223402,0.719187,0.294631
0.117109,-0.417692,0.247247
-0.0255826,0.605009,1.24928
-0.488566,-0.420983,1.11169
0.00244773,-0.668745,0.842878
0.264737,0.584716,1.25763
0.0700659,0.732072,0.330515
-0.272321,0.474348,0.176274
0.264148,0.00497042,1.25763
0.284339,-0.349505,0.0748467
-0.134685,-0.743595,0.830785
-0.0240689,0.705242,0.956603
0.18887,0.667526,1.06699
0.192088,0.015727,0.247247
-0.48271,-0.605595,0.502416
0.54524,0.16986,1.14057
-0.569778,-0.480586,0.644387
0.840006,-0.0597536,0.898186
-0.974584,-0.0311939,0.807738
0.366411,0.351053,1.25763
-0.189585,-0.641076,0.673191
-0.579943,-0.415799,0.732248
-0.3447,0.736862,0.66947
-0.353349,0.384768,0.0748467
0.186222,0.572667,1.25763
0.787096,0.0101982,1.02871
-0.349343,-0.223091,1.25763
0.930769,-0.0256817,1.13221
0.592306,-0.0518119,0.636866
-0.99061,0.132456,0.691015
0.255937,0.737418,0.740411
-0.0016329,-0.905342,0.857014
-0.466377,0.707585,0.393639
0.0160607,0.737029,0.819145
-0.162994,0.676632,1.03993
-0.207795,0.432242,0.201789
-0.09468,0.663639,0.247247
-0.579977,0.223013,0.987651
0.0190091,-0.187673,1.25763
-0.7812,-0.0538902,1.00101
0.848114,0.0814507,0.598104
0.139307,-0.502845,0.247247
-0.834906,0.155416,1.01764
-0.657688,-0.0257682,1.20348
-0.0635426,-0.616024,0.871697
0.243624,-0.124828,1.25763
-0.230616,0.643409,0.247247
0.00460679,0.0132281,1.45646
-0.298117,-0.289416,1.25763
-0.621429,-0.0493757,0.690429
-0.311669,-0.290855,0.247247
-0.0254143,-1.00196,1.15835
0.904727,-0.0618283,1.04678
0.447304,0.415234,0.121086
0.55727,0.129723,1.20247
-0.0849453,-0.71721,0.906161
0.544336,0.309899,1.09442
0.614203,0.23514,0.872055
0.0499342,-0.522165,1.19819
0.672918,0.157837,0.678712
0.5451,0.564186,0.881178
-0.137786,-0.19789,1.25763
0.0956664,0.157177,1.35997
0.386476,-0.531507,1.09658
0.618265,0.0503087,0.683793
-0.599058,0.0226289,0.676206
0.55468,0.480509,0.942678
0.103307,-0.30363,0.247247
-0.264358,0.437622,0.0748467
0.902968,-0.0617707,0.694645
-0.33458,-0.362093,0.0748467
-0.447539,-0.611534,0.632813
-0.375826,0.442446,0.18188
-0.522669,-0.352381,1.06027
0.980037,-0.0256627,0.806928
-0.599445,0.317136,0.861534
0.666001,-0.0323927,0.548598
-0.262229,0.575176,0.247247
-0.423551,0.66459,0.971999
0.201755,-0.175169,0.175077
0.00514297,-0.611137,0.528986
-0.604143,0.150687,0.283115
-0.484931,0.0559481,0.247247
-0.0466798,0.161577,1.30219
0.878957,-0.0609984,0.621172
-0.112021,0.746854,0.746619
0.455357,-0.373451,1.2429
0.317497,-0.386688,0.140241
-0.215578,0.377555,0.290907
-0.754409,0.00681405,0.766047
-0.438808,0.715849,0.700046
0.0592647,0.76719,0.447359
0.0911025,0.729715,0.847805
-0.810383,-0.0560334,0.657699
-0.662709,0.160933,0.667189
-0.528127,0.119261,0.247247
-0.824242,-0.0564776,0.843146
-0.39256,-0.259811,0.247247
-0.404363,0.471185,0.247247
0.571827,0.487252,0.864285
0.137598,-0.625404,0.344012
-0.581363,-0.115155,0.982448
-0.539938,0.51577,0.94646
-0.558246,0.596421,0.383268
0.166962,-0.19871,0.241024
-0.770223,-0.0203608,1.2045
0.624371,0.0834989,0.311469
-0.0814546,-0.90061,0.97299
-0.206059,0.288693,0.148523
0.64414,-0.218717,0.446653
0.981491,-0.0642876,0.739461
-0.36662,-0.182418,0.0748467
-0.449193,-0.307991,0.247247
-0.592115,-0.344197,0.772082
0.0986734,-0.653853,0.60422
0.574179,0.610134,0.551386
0.273568,-0.22881,0.290907
0.973018,0.0222943,0.86342
-0.0307112,-0.0712395,1.33724
-0.141567,-0.742003,0.647943
0.0716064,-0.604406,0.820942
-0.190131,-0.211183,0.143958
-0.974283,-0.0612857,0.734209
-0.491631,-0.422196,0.247247
-0.137763,0.0462924,1.44402
-0.266511,-0.646789,0.508155
-0.0673101,-0.659707,0.460135
-0.133365,0.302378,1.25763
-0.198781,-0.375142,1.25763
-0.316199,-0.638323,0.436156
0.538549,-0.122732,1.14433
-0.37235,0.374741,0.245275
-0.235578,0.754097,0.596373
-0.275881,-0.600766,0.878296
-0.381856,0.618938,0.247247
-0.516321,-0.521118,0.841961
-0.302732,0.751927,0.453502
-0.914937,0.152848,0.725296
0.595032,-0.370934,0.743808
0.653642,-0.132922,0.599871
0.058012,0.760248,0.651576
-0.723706,0.0717869,0.522419
0.45142,0.296909,0.247247
-0.579692,0.256207,0.254073
-0.373433,0.241314,1.25763
0.470131,0.360199,0.0748467
0.390636,-0.118886,1.25763
0.526942,-0.333487,1.07965
0.605467,-0.301046,0.769805
0.467057,0.535781,1.18786
-0.272285,-0.160699,1.25763
0.375691,0.196411,1.25763
-0.630895,0.180508,0.78835
0.334332,-0.304687,0.257136
-0.786488,0.156969,1.07986
0.170298,0.724463,0.852342
-0.28975,0.650837,1.09677
-0.902354,0.135964,0.634786
0.570483,0.456309,0.289283
-0.115532,0.65182,1.13499
-0.621561,-0.312308,0.549392
0.535106,-0.019566,1.17959
0.0243172,0.537759,0.247247
-0.719208,0.159123,0.592541
-0.547358,0.651006,0.571206
-0.909542,-0.0592117,1.05095
0.129667,-0.610357,0.88648
0.350787,0.639769,1.11844
-0.0955136,-0.8221,0.975045
-0.0696037,-0.719966,0.538499
-0.188733,-0.204311,0.290907
-0.564839,0.6227,0.474632
-0.586271,0.0123273,0.248296
0.187703,0.755159,0.629656
-0.511253,-0.579101,0.606805
0.102331,0.386233,1.25763
0.56597,0.301694,1.02032
0.503325,-0.5877,0.426017
0.544501,0.0146605,0.247247
-0.653769,0.00697143,0.409013
-0.623089,0.262947,0.782439
0.512641,-0.537145,0.332992
-0.251104,-0.259384,0.290907
-0.541527,-0.256666,1.05588
0.575926,-0.0625952,1.03595
-0.843565,0.0165473,1.20515
0.961082,-0.0243827,0.932345
0.0100169,-0.925778,1.10365
-0.443193,-0.583408,0.333211
-0.401968,-0.181105,0.174635
0.546727,0.636285,0.701704
0.218202,-0.206714,0.0915712
-0.386351,-0.630267,0.5932
-0.0438159,-0.802849,0.680687
-0.145745,0.127886,0.247247
-0.565752,0.45857,0.291278
-0.788788,0.0781549,0.930179
0.157224,-0.0717649,1.25763
-0.189739,0.642602,1.15155
-0.373026,0.258908,0.179489
-0.95439,0.146261,0.978581
-0.580714,-0.464552,0.428848
-0.122779,-0.550856,1.10628
-0.601499,-0.38879,0.588579
-0.065349,-0.935877,0.905866
0.332197,0.739245,0.664122
0.123345,0.252224,0.247247
0.0830686,-0.788972,0.663219
-0.482818,0.481117,1.18299
-0.0330251,-0.893791,1.16821
-0.373633,-0.553324,0.247247
0.261793,-0.0242667,0.247247
0.155956,0.0301505,1.42085
0.193725,0.509362,0.247247
0.119132,-0.57407,1.027
0.0779636,0.0508785,0.247247
0.614816,0.476726,0.552366
0.536104,0.459472,1.0319
-0.312362,-0.636688,0.604899
-0.516486,0.197516,0.247247
0.303063,-0.159775,0.0748467
0.633161,-0.284837,0.527414
0.692942,0.0596393,0.726667
-0.955883,0.151536,0.796089
-0.76643,0.139721,0.77052
0.0140397,-0.712926,0.904135
0.514616,0.533789,1.03609
-0.0554359,-0.591814,0.696636
0.472856,0.677746,0.846612
0.00223499,0.19778,1.3739
-0.475779,-0.480682,1.05882
-0.69362,0.159944,0.52216
-0.900109,-0.0589092,0.833951
0.424767,0.708671,0.787241
-0.622827,-0.271222,0.637227
0.620157,-0.329607,0.588586
0.683059,-0.0191922,0.722425
-0.0974887,-0.0198332,1.44948
0.524526,-0.407463,1.02394
0.120851,0.767446,0.493462
-0.0980712,0.226853,1.25763
0.568934,-0.379655,0.874408
-0.499121,0.506609,1.10721
0.297258,0.733826,0.371332
-0.608228,0.35821,0.353945
0.0733368,-0.0853516,0.247247
0.751332,-0.0569082,0.558591
0.10459,-0.639666,0.733352
0.623206,-0.254021,0.384207
0.00495448,0.770936,0.50215
0.242887,-0.645368,0.588422
0.727312,0.0140232,1.09388
-0.862074,-0.0576896,0.742942
-0.604959,0.0284229,1.07997
-0.0445057,-0.559622,1.08215
-0.15997,-0.65813,0.75249
0.503073,0.461473,1.15041
-0.440563,-0.137399,1.25763
-0.951442,0.0310336,0.973699
-0.327712,-0.581674,0.937114
-0.328002,0.537644,0.247247
-0.658406,0.113949,0.434963
0.493272,0.681144,0.365837
-0.00888521,0.234281,1.25763
0.19877,0.4273,0.247247
-0.495359,0.0832037,1.25763
0.651462,-0.0939126,0.664684
-0.570909,-0.497796,0.500691
0.79577,0.0737185,0.888669
-0.774274,0.0196504,1.10002
-0.362755,-0.365391,0.247247
0.574094,-0.411784,0.805569
0.579441,-0.469127,0.649684
-0.459225,-0.386047,1.23849
0.213769,0.735343,0.357565
0.575044,-0.456362,0.374125
0.920493,0.149904,1.0522
-0.214592,0.50985,0.247247
0.0239731,0.165213,1.25763
-0.354649,0.505117,0.113831
0.339327,0.606712,1.22745
0.618293,0.370733,0.374486
0.408893,0.721938,0.378756
0.659232,-0.016557,0.640699
-0.0903383,0.690661,1.00312
0.0409863,-0.964505,0.95968
0.614551,-0.164337,0.844214
-0.409859,-0.470072,0.247247
-0.273955,-0.24584,0.0748467
-0.311405,-0.593251,0.293269
-0.260476,0.362864,0.0748467
-0.903722,-0.0590252,0.913464
0.244515,-0.218538,1.25763
-0.926695,-0.0425178,1.12152
-0.393246,0.716924,0.782948
0.62464,0.424406,0.436527
-0.163829,-0.653217,0.449338
0.475106,-0.294015,0.247247
-0.500772,-0.351473,1.14075
0.725896,0.00489593,0.521895
0.147481,-0.721575,0.896117
-0.320558,0.628296,1.16359
0.193394,0.359254,0.290907
0.323665,0.0831369,1.25763
-0.00898608,-0.53988,1.15042
-0.630126,0.393375,0.468223
0.29965,0.269855,0.247247
-0.431139,-0.562233,0.937341
-0.489458,0.651023,0.881754
0.632345,0.228052,0.783353
-0.60445,0.147253,0.924088
0.345043,0.715883,0.817235
0.976404,0.148113,0.704319
0.638522,0.0453383,0.804529
0.440852,-0.609353,0.686438
-0.567159,0.116386,1.06224
-0.202822,0.437206,0.118236
0.315726,0.160436,0.247247
0.641448,0.358317,0.488285
-0.0788018,0.763724,0.601999
-0.0205293,0.64629,0.247247
-0.611085,0.471203,0.548827
0.793953,0.116805,0.956137
0.129229,-0.791545,0.969375
0.0966508,-0.935698,0.913383
0.137462,0.739727,0.7815
0.964982,0.0676278,0.926075
-0.0613587,-0.0894184,1.43074
0.286314,-0.396821,1.25763
-0.0311311,0.324563,1.25763
-0.237003,-0.624185,0.774906
0.608568,0.431937,0.720056
-0.0676625,-0.295982,1.25763
0.246398,0.713681,0.876741
-0.48326,0.617897,0.979618
0.659358,0.224805,0.539789
0.633209,0.354036,0.6349
0.791159,0.0259811,0.953664
-0.634709,0.340082,0.586467
0.565253,-0.316119,0.26669
0.639623,0.103255,1.20323
0.744595,0.0111146,0.757337
0.647028,0.145813,0.378273
0.583123,-0.482017,0.524234
-0.266164,-0.566386,1.0155
-0.550523,-0.49023,0.757712
-0.139453,0.0508669,0.247247
-0.0991337,0.00382961,1.29093
0.466546,-0.336025,0.0774002
-0.61129,-0.241266,0.359027
0.297035,-0.551648,1.06067
-0.385631,-0.076859,0.247247
0.25558,0.707559,0.291599
0.41338,0.387309,0.185926
-0.655254,-0.0419477,0.481179
0.7728,0.0628539,0.550559
-0.515961,0.223619,1.20005
0.298919,0.432124,1.25763
0.292286,0.176232,1.25763
0.504908,-0.189092,1.22705
0.624378,0.212464,0.33291
-0.0472513,0.664911,1.09545
0.604796,-0.052212,1.11583
-0.0623369,-0.203864,1.25763
-0.829719,0.111914,0.589058
0.018566,-1.00775,1.03214
0.265759,0.62542,1.19193
-0.603239,-0.35254,0.675114
0.143526,-0.758366,0.758662
-0.505498,0.071358,1.07889
0.0846051,-0.218595,0.247247
0.449954,-0.562712,0.285573
-0.0511735,0.527758,0.247247
0.653363,0.280707,0.458233
-0.44295,-0.587534,0.811303
-0.333651,0.67338,1.00259
0.372955,0.74568,0.482593
0.850958,0.152132,0.896296
-0.039537,-1.02392,1.08793
0.379167,0.428733,1.25763
0.272694,-0.636853,0.656626
-0.609761,0.337425,0.789591
0.0139422,0.679661,1.04685
0.563104,-0.387544,0.295443
-0.22968,-0.58705,0.951961
0.0275168,-0.654064,0.626516
0.621992,-0.0499469,0.870657
0.0646628,-0.640732,0.379803
0.439591,0.331529,0.136996
0.66306,0.0754006,0.614915
0.204404,-0.371321,1.25763
0.500741,0.0172481,1.12294
-0.0652074,-0.880436,0.811594
0.564587,-0.515413,0.589585
0.36735,0.0142513,1.25763
0.723733,0.109687,1.20399
-0.257606,0.239075,0.173991
0.23628,-0.463179,1.25763
0.104436,-0.996911,1.01785
0.650006,0.158571,1.15102
0.597055,-0.0764376,0.958747
-0.547061,-0.446572,0.867127
-0.798198,0.156591,0.646169
-0.603973,-0.117292,0.895374
0.220273,-0.408702,0.247247
-0.912561,-0.0425099,1.2058
-0.370017,0.515978,1.25763
0.79377,-0.000292947,0.880865
0.161692,0.300642,1.25763
-0.0997133,-0.115438,0.247247
0.595713,-0.265804,0.314785
0.580257,0.0113321,1.07651
-0.793629,0.107729,0.848091
-0.611581,-0.279375,0.71909
-0.139782,0.727669,0.326467
0.585398,-0.219315,0.931547
0.992763,0.0823415,0.745768
-0.587456,0.393726,0.856225
-0.367965,0.304854,0.0748467
-0.25263,0.427208,1.25763
0.801175,0.131587,0.813764
0.146497,-0.810974,0.705279
-0.260001,0.196545,1.25763
0.103136,0.751345,0.713919
0.812854,0.153353,1.14422
0.545371,0.615944,0.356691
-0.653035,0.238693,0.529979
-0.194491,-0.294024,0.0926383
-0.213981,0.712501,0.889748
-0.630696,-0.204756,0.672461
-0.235593,-0.146157,0.290907
0.52688,-0.262414,1.12487
-0.634732,0.303257,0.654425
-0.0435116,-0.356243,0.247247
0.305017,-0.623708,0.737862
0.34726,0.48103,0.247247
-0.0148915,-0.784327,1.00127
0.423093,0.285121,1.25763
0.14609,0.107566,0.247247
0.463912,0.479114,0.247247
-0.64473,-0.144149,0.630207
-0.531221,-0.41875,0.969832
0.504807,0.631344,0.897674
-0.12861,-0.591738,0.713808
0.301492,-0.0694131,1.25763
-0.591229,0.479752,0.372556
-0.739763,0.158463,0.694462
-0.515016,0.335595,1.16659
0.525573,0.291417,0.247247
-0.42937,0.491168,0.0774954
0.646578,0.269156,0.643177
-0.00294561,0.768024,0.57818
0.366255,0.696488,0.293529
-0.77475,-0.0548912,0.723249
0.115381,-0.248113,1.25763
-0.149323,0.752786,0.399495
-0.611374,0.162579,1.13509
-0.0533475,0.72844,0.859487
0.927473,0.0976111,0.648272
-0.441598,0.578414,1.17406
0.218577,0.249203,1.25763
0.565947,-0.217657,1.00693
0.503213,-0.303208,1.18392
-0.558162,0.607243,0.676223
-0.948059,-0.0451334,0.979915
0.795209,0.15392,0.682961
-0.465883,0.609862,0.247247
0.632172,-0.162105,0.371329
0.436656,0.156195,0.247247
0.504284,-0.585067,0.629686
-0.0561156,-0.978273,1.01503
0.637012,-0.120041,0.757707
-0.937579,0.0289356,1.06478
-0.373832,0.728435,0.384892
-0.540466,-0.546565,0.433466
0.62237,-0.228354,0.74604
0.721434,0.0344611,1.20399
0.491584,0.0693477,0.247247
-0.139085,-0.740807,0.729453
0.288407,-0.608129,0.83964
-0.156807,-0.624957,0.346288
-0.0749781,0.758079,0.404967
0.247268,0.229164,0.290907
0.562004,-0.136755,1.05722
-0.618881,-0.321021,0.440332
-0.478805,-0.229052,1.24713
0.494357,0.705672,0.438149
0.0105261,-0.331381,1.25763
0.58946,0.0606876,1.00912
-0.6216,-0.182353,0.766533
-0.166344,-0.60511,0.895827
-0.1503,-0.524074,1.18895
0.0282051,-0.815866,0.706301
-0.242163,0.512133,1.25763
0.606395,0.179163,0.924436
-0.592437,-0.204554,0.891797
0.214647,-0.633366,0.379937
-0.24988,-0.386959,0.091733
0.0673776,-0.549387,1.11503
-0.789804,-0.0232238,0.566415
0.383669,-0.0358956,0.247247
-0.293024,0.139687,0.247247
-0.271598,0.0623553,0.247247
-0.140075,0.11859,1.42443
-0.467106,0.252757,1.25763
0.63057,0.403287,0.546928
-0.786277,-0.0204258,0.916538
-0.131154,0.0339656,1.35198
0.325129,0.504162,1.25763
0.367127,0.348518,0.247247
0.631398,-0.0813368,0.345536
0.0780697,0.668749,0.247247
-0.185237,0.701343,0.269277
0.437417,-0.301295,1.25763
-0.119187,-0.332692,0.247247
-0.509615,0.675197,0.70438
0.498863,0.401061,1.20301
-0.209274,0.608903,1.23849
-0.459615,-0.236788,0.0880394
0.714359,0.149853,0.511597
-0.488966,0.565447,1.06291
-0.551176,-0.0446026,1.10815
0.569962,0.0940716,0.247247
0.424885,-0.424945,0.247247
-0.374486,0.650721,1.07081
0.369733,0.217083,0.247247
-0.598739,0.0372419,0.570821
-0.270179,0.217652,0.247247
0.962259,0.148565,0.936689
0.355521,-0.19441,0.290907
-0.370287,-0.608744,0.789213
0.178193,0.420988,1.25763
0.217598,-0.564235,1.03901
0.463689,-0.468839,1.13078
0.659636,-0.0392462,0.418397
0.489563,0.713363,0.514586
-0.288585,0.752899,0.539402
0.36658,0.471496,0.158637
0.503922,-0.402732,1.10127
-0.166061,0.572403,0.247247
0.275339,-0.343395,0.219915
0.291227,0.356632,0.247247
0.467502,-0.590629,0.763572
-0.0852921,-0.594155,0.958137
-0.574613,-0.0473026,1.02802
0.28241,0.750619,0.591272
-0.414462,-0.391191,0.0748467
-0.609103,-0.0495809,0.609892
-0.558688,0.438384,0.946943
-0.0889824,-0.508146,1.23785
0.391919,-0.551148,1.02472
0.0893733,-0.659714,0.473235
-0.492863,0.671655,0.793454
-0.374192,-0.562334,0.995439
0.155569,0.75771,0.416045
0.448269,0.126791,1.25763
0.319088,0.50291,0.0748467
0.0356028,-0.114028,1.25763
-0.469929,-0.234959,0.247247
-0.0635874,-0.845457,1.06746
0.0476295,0.257954,0.247247
0.808279,-0.0587357,0.706367
-0.546499,0.125213,1.20242
0.448515,-0.272955,0.129928
-0.304244,0.697523,0.919316
-0.00162208,0.0997676,0.247247
0.369749,-0.627756,0.650006
0.644138,0.155178,0.758424
0.10503,0.688811,1.00851
0.267053,0.472889,0.247247
0.862951,0.151748,1.20272
0.262437,0.647533,1.11695
-0.401973,-0.316412,0.0748467
-0.280502,-0.350009,0.208624
0.39746,0.0881914,0.247247
0.0312244,-0.638069,0.761494
0.498411,-0.460017,0.247247
-0.0174472,0.442672,0.247247
0.890694,0.150859,0.96728
-0.197708,-0.345258,0.247247
0.21431,-0.117955,0.263279
-0.187972,0.242816,1.25763
-0.563507,-0.509378,0.576102
0.0855293,-0.324725,1.25763
0.0521267,-0.0551641,1.30965
-0.599602,-0.142891,0.295892
-0.355237,-0.105398,1.25763
0.266987,0.75661,0.506337
0.335451,-0.640764,0.491297
-0.0634761,0.733738,0.335131
0.236098,0.0769828,1.25763
-0.055284,0.638393,1.17966
0.0452841,0.327527,1.25763
0.425618,-0.471458,1.21286
0.399362,-0.587862,0.881508
0.790845,-0.0581771,0.977551
0.438071,-0.623237,0.53509
0.729753,0.156015,1.12679
0.41331,-0.23762,0.247247
0.938519,0.0708557,1.10147
-0.387812,-0.538836,1.06595
-0.585818,0.530477,0.673035
0.0257417,-0.303479,0.247247
0.896597,0.15067,1.12732
0.0371753,0.436007,1.25763
0.108392,-0.00219902,1.30872
-0.917854,0.0418628,1.19772
0.4995,0.636967,0.293
0.48354,-0.482598,1.04723
0.163374,-0.683442,0.670745
-0.52396,0.41046,1.09507
0.598247,0.169585,0.262713
-0.0541145,-0.243572,0.247247
0.512241,-0.478378,0.969649
-0.901272,0.150038,1.20564
0.058053,-0.606727,0.910783
0.241098,-0.29296,1.25763
0.819929,0.153124,0.581103
0.475496,-0.13687,0.247247
-0.179392,-0.583007,0.250269
0.637816,-0.0316344,0.795044
0.113535,0.180692,1.25763
-0.363883,0.178459,0.247247
-0.445082,-0.602606,0.714941
0.994011,0.0092148,0.722051
-0.0063406,-0.683886,0.502787
0.100132,-0.857829,0.781135
0.55104,-0.306447,1.01035
0.472289,0.574721,1.11348
-0.268637,-0.631688,0.697579
-0.592807,0.429764,0.791053
-0.211364,-0.419607,0.247247
0.0907217,-0.0608237,1.37828
-0.631724,0.073539,0.811707
0.12241,0.473431,0.247247
-0.152686,-0.581511,0.992212
0.509324,0.183438,0.247247
-0.576266,0.584337,0.601628
-0.0473009,-0.638516,0.372117
0.421391,0.29302,0.0748467
0.453729,0.371473,1.25763
0.307551,-0.115647,0.247247
0.637067,-0.0365078,1.20324
-0.508549,-0.169479,0.247247
0.574319,0.0455045,1.20265
-0.656675,-0.0826846,0.562414
0.610155,0.0173119,0.53367
0.423722,-0.627266,0.454282
0.097555,-0.591943,0.259195
-0.554676,0.388165,0.249283
0.612604,0.496678,0.468097
0.221362,0.154069,1.25763
0.592211,0.398715,0.854072
-0.191147,-0.497408,0.247247
0.544806,0.652488,0.626473
0.290102,-0.127647,0.159363
-0.282692,0.404645,0.247247
0.0808404,0.660562,1.10701
-0.516466,-0.483141,0.926622
0.157639,-0.595947,0.615497
0.0933937,0.711898,0.923225
0.104254,-1.01848,1.1482
0.333952,0.236731,0.16983
-0.638135,-0.0414156,0.763873
0.540333,-0.560185,0.495411
0.388304,-0.171794,0.0748467
0.204406,0.338465,0.099934
-0.889375,-0.0255404,0.629821
0.593133,0.157305,0.649498
-0.0717405,0.191775,0.247247
-0.27523,0.516149,0.0763291
0.397073,-0.403226,0.0827776
-0.0280105,0.268779,0.247247
0.0833409,-0.682711,0.865261
0.148684,-0.154296,1.25763
0.516896,0.259598,1.20255
-0.253436,0.288705,0.0748467
-0.663049,0.0891917,1.08661
0.029111,-0.464074,0.247247
-0.61999,0.02425,0.31363
0.33858,-0.637525,0.570215
-0.232211,-0.644678,0.601327
-0.293241,0.730754,0.361868
-0.114217,0.113174,1.33846
-0.67844,0.0744681,1.20363
-0.592489,0.0949189,0.976967
-0.781513,-0.0551095,1.09782
0.603719,-0.396361,0.418385
0.423742,0.7292,0.641639
-0.254403,-0.623541,0.357743
0.639389,-0.226745,0.599409
0.352649,-0.514191,1.17146
0.00708777,-0.119337,0.247247
-0.570397,-0.36056,0.866938
0.655439,-0.158829,0.512749
0.133722,-0.037418,0.247247
-0.551489,-0.489781,0.364201
0.0873095,-0.873949,1.1286
0.821413,0.00852848,0.5826
0.295537,-0.635086,0.40373
-0.446452,-0.534159,1.00472
0.80003,0.0596891,0.789364
0.245967,-0.364215,0.145582
0.277037,0.069383,0.247247
-0.0775144,-0.766145,0.616645
-0.0902546,-0.431842,0.247247
0.000369467,0.345792,0.247247
-0.158474,0.759046,0.605005
-0.840656,-0.0570036,1.19011
0.180959,0.745511,0.720075
-0.0143727,-0.498422,1.23994
0.899543,-0.061662,0.970836
-0.440142,0.617453,1.08762
0.488821,0.078088,1.20186
0.239071,0.513262,1.25763
-0.182163,-0.285033,0.168682